Date,Mean Temp (°C),Max Temp (°C),Min Temp (°C),Total Precip (mm),Spd of Max Gust (km/h),TotalPrecipTomorrow,WillRainTomorrow
2020-01-01,-3.0,-0.8,-5.2,0.2,48.0,2.0,1
2020-01-02,-1.7,1.7,-5.1,2.0,33.0,0.2,1
2020-01-03,-0.4,1.3,-2.1,0.2,45.0,1.6,1
2020-01-04,-2.8,-1.7,-3.8,1.6,39.0,9.6,1
2020-01-05,-2.3,-0.1,-4.4,9.6,54.0,6.5,1
2020-01-06,-4.9,-0.3,-9.4,6.5,72.0,2.2,1
2020-01-07,-5.2,0.9,-11.2,2.2,67.0,2.4,1
2020-01-08,-10.8,-7.7,-13.9,2.4,65.0,1.0,1
2020-01-09,-6.6,0.2,-13.4,1.0,52.0,0.0,0
2020-01-10,0.5,2.7,-1.7,0.0,37.0,1.6,1
2020-01-11,-7.7,-1.7,-13.6,1.6,46.0,0.0,0
2020-01-12,-13.1,-11.2,-14.9,0.0,37.0,0.0,0
2020-01-13,-8.9,-5.5,-12.2,0.0,33.0,1.0,1
2020-01-14,-2.4,0.7,-5.5,1.0,42.0,0.2,1
2020-01-15,-1.1,0.1,-2.2,0.2,48.0,2.0,1
2020-01-16,-6.9,-1.8,-11.9,2.0,54.0,0.0,0
2020-01-17,-11.2,-8.5,-13.9,0.0,39.0,9.4,1
2020-01-18,-9.0,-6.6,-11.4,9.4,52.0,0.0,0
2020-01-19,-14.2,-7.0,-21.4,0.0,39.0,0.2,1
2020-01-20,-13.5,-3.8,-23.1,0.2,48.0,0.0,0
2020-01-21,-4.9,-1.6,-8.2,0.0,46.0,5.8,1
2020-01-22,-0.4,0.9,-1.7,5.8,48.0,3.0,1
2020-01-23,0.2,0.9,-0.6,3.0,32.0,0.8,1
2020-01-24,0.9,2.4,-0.7,0.8,46.0,5.2,1
2020-01-25,1.1,2.1,0.0,5.2,37.0,1.2,1
2020-01-26,-1.0,0.6,-2.5,1.2,39.0,0.6,1
2020-01-27,-2.0,-0.6,-3.4,0.6,33.0,0.6,1
2020-01-28,-4.8,-2.9,-6.7,0.6,35.0,0.0,0
2020-01-29,-8.0,-6.2,-9.7,0.0,35.0,0.8,1
2020-01-30,-4.8,-2.9,-6.6,0.8,35.0,0.8,1
2020-01-31,-1.6,-0.1,-3.1,0.8,35.0,2.0,1
2020-02-01,-0.8,0.8,-2.3,2.0,32.0,2.0,1
2020-02-02,0.1,0.9,-0.7,2.0,52.0,0.0,0
2020-02-03,0.1,1.8,-1.6,0.0,55.0,1.6,1
2020-02-04,-4.6,-0.8,-8.3,1.6,68.0,0.0,0
2020-02-05,-8.7,-3.9,-13.5,0.0,42.0,1.0,1
2020-02-06,-8.7,-2.1,-15.3,1.0,42.0,0.4,1
2020-02-07,-11.9,-4.0,-19.8,0.4,42.0,0.0,0
2020-02-08,-18.8,-12.2,-25.4,0.0,42.0,4.8,1
2020-02-09,-9.9,-2.8,-16.9,4.8,42.0,0.0,0
2020-02-10,-7.8,-1.6,-14.0,0.0,42.0,1.6,1
2020-02-11,-8.2,-1.2,-15.1,1.6,42.0,0.6,1
2020-02-12,-7.9,1.9,-17.7,0.6,61.0,0.2,1
2020-02-13,-18.9,-14.4,-23.3,0.2,35.0,0.2,1
2020-02-14,-14.4,-7.9,-20.9,0.2,37.0,2.8,1
2020-02-15,-6.4,-3.1,-9.6,2.8,45.0,1.6,1
2020-02-16,-7.3,-4.2,-10.4,1.6,58.0,0.2,1
2020-02-17,-7.9,-4.8,-10.9,0.2,41.0,5.6,1
2020-02-18,-5.6,-1.5,-9.6,5.6,72.0,5.2,1
2020-02-19,-9.6,-8.0,-11.2,5.2,48.0,0.0,0
2020-02-20,-17.3,-6.9,-27.6,0.0,35.0,0.0,0
2020-02-21,-9.3,1.3,-19.9,0.0,61.0,0.0,0
2020-02-22,-0.8,4.4,-6.0,0.0,32.0,0.0,0
2020-02-23,-0.7,5.6,-6.9,0.0,45.0,0.0,0
2020-02-24,-1.6,3.1,-6.3,0.0,41.0,0.0,0
2020-02-25,-5.7,-0.7,-10.7,0.0,41.0,0.0,0
2020-02-26,-7.2,-3.7,-10.7,0.0,35.0,4.2,1
2020-02-27,-11.7,-8.5,-14.9,4.2,65.0,7.6,1
2020-02-28,-8.9,-8.0,-9.8,7.6,55.0,0.0,0
2020-02-29,-13.0,-3.5,-22.4,0.0,39.0,0.0,0
2020-03-01,-3.9,3.2,-11.0,0.0,48.0,0.0,0
2020-03-02,-6.1,0.8,-12.9,0.0,45.0,1.4,1
2020-03-03,-3.6,3.6,-10.7,1.4,45.0,0.8,1
2020-03-04,-4.3,-0.5,-8.1,0.8,52.0,7.8,1
2020-03-05,-7.9,-0.9,-14.9,7.8,42.0,0.5,1
2020-03-06,-10.6,-2.2,-18.9,0.5,42.0,0.0,0
2020-03-07,-7.5,3.9,-18.9,0.0,33.0,0.0,0
2020-03-08,2.0,10.2,-6.2,0.0,37.0,1.7,1
2020-03-09,2.5,8.1,-3.2,1.7,39.0,2.6,1
2020-03-10,-6.0,-1.6,-10.4,2.6,50.0,3.0,1
2020-03-11,-4.3,1.4,-9.9,3.0,50.0,5.4,1
2020-03-12,2.6,5.4,-0.3,5.4,45.0,1.1,1
2020-03-13,0.4,2.5,-1.7,1.1,89.0,0.0,0
2020-03-14,-3.6,-1.3,-5.9,0.0,55.0,0.0,0
2020-03-15,-7.6,-1.4,-13.7,0.0,55.0,1.4,1
2020-03-16,-3.8,0.3,-7.8,1.4,55.0,0.6,1
2020-03-17,-5.8,0.3,-11.9,0.6,58.0,0.0,0
2020-03-18,-4.4,2.4,-11.1,0.0,58.0,15.4,1
2020-03-19,0.5,4.9,-3.9,15.4,45.0,0.8,1
2020-03-20,-4.9,1.2,-10.9,0.8,67.0,0.0,0
2020-03-21,-10.7,-3.5,-17.9,0.0,33.0,0.0,0
2020-03-22,-8.2,-0.2,-16.2,0.0,42.0,0.0,0
2020-03-23,-1.6,3.5,-6.6,0.0,42.0,0.0,0
2020-03-24,-1.3,6.2,-8.8,0.0,42.0,19.4,1
2020-03-25,2.5,5.5,-0.5,19.4,42.0,2.2,1
2020-03-26,2.5,5.5,-0.5,2.2,42.0,0.0,0
2020-03-27,0.7,6.2,-4.9,0.0,42.0,0.0,0
2020-03-28,4.3,8.7,-0.2,0.0,46.0,4.6,1
2020-03-29,4.1,6.7,1.5,4.6,59.0,0.2,1
2020-03-30,2.8,4.8,0.7,0.2,42.0,0.0,0
2020-03-31,1.9,3.8,-0.1,0.0,42.0,0.0,0
2020-04-01,4.0,7.6,0.3,0.0,45.0,0.0,0
2020-04-02,2.4,7.5,-2.7,0.0,35.0,0.0,0
2020-04-03,3.7,11.9,-4.5,0.0,35.0,3.6,1
2020-04-04,0.4,2.4,-1.6,3.6,52.0,0.0,0
2020-04-05,0.8,5.7,-4.2,0.0,35.0,0.0,0
2020-04-06,2.2,8.4,-4.1,0.0,35.0,3.0,1
2020-04-07,1.1,4.7,-2.5,3.0,35.0,2.6,1
2020-04-08,4.7,8.8,0.6,2.6,39.0,1.0,1
2020-04-09,1.3,3.5,-1.0,1.0,61.0,0.0,0
2020-04-10,-0.3,2.0,-2.6,0.0,58.0,0.0,0
2020-04-11,2.7,10.0,-4.6,0.0,35.0,2.8,1
2020-04-12,1.6,4.6,-1.5,2.8,42.0,14.4,1
2020-04-13,0.8,4.5,-2.9,14.4,78.0,4.4,1
2020-04-14,-3.3,-0.6,-5.9,4.4,46.0,3.8,1
2020-04-15,-3.7,-1.4,-5.9,3.8,50.0,0.0,0
2020-04-16,-2.5,1.0,-5.9,0.0,50.0,0.0,0
2020-04-17,-0.5,5.7,-6.7,0.0,39.0,0.2,1
2020-04-18,2.0,10.0,-6.1,0.2,63.0,0.0,0
2020-04-19,-2.0,3.3,-7.3,0.0,58.0,2.2,1
2020-04-20,-0.2,7.4,-7.8,2.2,55.0,1.0,1
2020-04-21,-2.9,-0.6,-5.2,1.0,74.0,0.0,0
2020-04-22,-3.6,1.1,-8.2,0.0,37.0,0.0,0
2020-04-23,-0.6,7.0,-8.2,0.0,39.0,0.0,0
2020-04-24,4.0,12.1,-4.1,0.0,39.0,0.0,0
2020-04-25,4.7,14.3,-5.0,0.0,35.0,0.0,0
2020-04-26,4.7,14.3,-5.0,0.0,32.0,0.0,0
2020-04-27,7.8,15.4,0.2,0.0,32.0,0.2,1
2020-04-28,6.6,8.7,4.5,0.2,39.0,36.4,1
2020-04-29,6.4,8.7,4.0,36.4,50.0,8.0,1
2020-04-30,6.7,11.2,2.1,8.0,42.0,0.0,0
2020-05-01,10.0,18.9,1.1,0.0,33.0,0.2,1
2020-05-02,9.4,16.0,2.8,0.2,45.0,0.0,0
2020-05-03,4.9,8.8,1.0,0.0,50.0,0.0,0
2020-05-04,1.7,5.0,-1.6,0.0,48.0,0.0,0
2020-05-05,1.7,9.3,-6.0,0.0,33.0,0.0,0
2020-05-06,6.2,12.4,0.0,0.0,46.0,0.0,0
2020-05-07,1.4,5.2,-2.4,0.0,63.0,0.6,1
2020-05-08,-1.4,1.1,-3.9,0.6,59.0,0.4,1
2020-05-09,0.4,3.9,-3.2,0.4,52.0,0.0,0
2020-05-10,0.8,4.6,-3.0,0.0,52.0,0.0,0
2020-05-11,-1.6,1.6,-4.8,0.0,54.0,0.0,0
2020-05-12,-0.9,3.7,-5.5,0.0,50.0,0.0,0
2020-05-13,3.7,14.3,-6.9,0.0,50.0,7.4,1
2020-05-14,5.1,6.3,3.9,7.4,39.0,10.6,1
2020-05-15,7.9,13.4,2.4,10.6,48.0,0.0,0
2020-05-16,8.2,17.4,-1.0,0.0,32.0,0.0,0
2020-05-17,11.6,18.1,5.0,0.0,45.0,0.0,0
2020-05-18,13.9,18.9,8.9,0.0,45.0,0.0,0
2020-05-19,14.7,21.4,8.0,0.0,39.0,0.0,0
2020-05-20,14.8,22.9,6.7,0.0,39.0,0.0,0
2020-05-21,13.1,24.7,1.5,0.0,32.0,0.0,0
2020-05-22,17.0,27.9,6.1,0.0,32.0,0.0,0
2020-05-23,16.9,27.1,6.6,0.0,32.0,0.0,0
2020-05-24,16.9,19.7,14.0,0.0,32.0,0.0,0
2020-05-25,20.4,27.8,13.0,0.0,33.0,0.0,0
2020-05-26,22.7,31.3,14.0,0.0,33.0,0.0,0
2020-05-27,23.6,31.3,15.9,0.0,32.0,35.8,1
2020-05-28,15.9,22.8,8.9,35.8,42.0,0.0,0
2020-05-29,11.5,17.4,5.5,0.0,41.0,0.0,0
2020-05-30,6.8,10.6,2.9,0.0,58.0,0.2,1
2020-05-31,6.7,14.9,-1.6,0.2,46.0,5.8,1
2020-06-01,11.4,22.1,0.7,5.8,41.0,0.0,0
2020-06-02,17.6,25.5,9.6,0.0,33.0,0.0,0
2020-06-03,15.5,22.8,8.2,0.0,41.0,0.0,0
2020-06-04,15.4,24.7,6.0,0.0,41.0,0.8,1
2020-06-05,12.6,18.9,6.3,0.8,41.0,0.0,0
2020-06-06,11.2,16.6,5.8,0.0,45.0,0.0,0
2020-06-07,8.5,15.5,1.5,0.0,45.0,0.0,0
2020-06-08,17.5,24.4,10.5,0.0,33.0,0.0,0
2020-06-09,19.4,29.4,9.4,0.0,46.0,53.0,1
2020-06-10,16.0,24.0,7.9,53.0,68.0,2.4,1
2020-06-11,8.9,13.4,4.4,2.4,61.0,0.0,0
2020-06-12,5.7,8.7,2.7,0.0,45.0,0.0,0
2020-06-13,8.8,15.9,1.6,0.0,35.0,0.0,0
2020-06-14,11.2,21.2,1.2,0.0,35.0,0.0,0
2020-06-15,12.0,22.2,1.7,0.0,33.0,0.0,0
2020-06-16,17.1,25.9,8.2,0.0,33.0,0.0,0
2020-06-17,19.7,28.9,10.4,0.0,33.0,0.0,0
2020-06-18,20.1,29.6,10.6,0.0,33.0,0.0,0
2020-06-19,20.4,30.4,10.4,0.0,33.0,0.0,0
2020-06-20,20.2,29.4,10.9,0.0,39.0,5.2,1
2020-06-21,15.2,20.2,10.1,5.2,39.0,22.0,1
2020-06-22,16.4,22.4,10.3,22.0,42.0,86.6,1
2020-06-23,13.2,15.9,10.5,86.6,48.0,1.8,1
2020-06-24,11.5,13.8,9.2,1.8,48.0,0.0,0
2020-06-25,15.3,22.2,8.4,0.0,48.0,0.2,1
2020-06-26,17.5,27.3,7.6,0.2,32.0,0.0,0
2020-06-27,16.2,20.4,12.0,0.0,39.0,0.0,0
2020-06-28,17.8,24.6,10.9,0.0,33.0,0.0,0
2020-06-29,20.0,30.6,9.4,0.0,33.0,0.0,0
2020-06-30,21.9,31.0,12.7,0.0,33.0,0.0,0
2020-07-01,22.9,31.9,13.8,0.0,33.0,0.0,0
2020-07-02,20.9,28.3,13.5,0.0,33.0,0.0,0
2020-07-03,20.2,26.6,13.8,0.0,37.0,0.0,0
2020-07-04,21.9,30.8,12.9,0.0,37.0,0.0,0
2020-07-05,20.9,28.4,13.4,0.0,37.0,7.4,1
2020-07-06,23.8,29.6,18.0,7.4,67.0,0.2,1
2020-07-07,19.7,23.7,15.6,0.2,35.0,0.0,0
2020-07-08,22.8,31.1,14.5,0.0,35.0,0.6,1
2020-07-09,24.3,32.1,16.5,0.6,35.0,1.2,1
2020-07-10,19.1,22.3,15.8,1.2,37.0,0.0,0
2020-07-11,19.1,23.9,14.3,0.0,52.0,0.0,0
2020-07-12,15.6,19.0,12.2,0.0,42.0,0.0,0
2020-07-13,16.6,22.9,10.2,0.0,33.0,1.0,1
2020-07-14,16.9,25.7,8.0,1.0,33.0,5.2,1
2020-07-15,19.0,22.1,15.9,5.2,33.0,2.6,1
2020-07-16,19.5,27.9,11.1,2.6,33.0,0.0,0
2020-07-17,21.4,28.6,14.2,0.0,33.0,3.8,1
2020-07-18,20.0,25.2,14.7,3.8,41.0,22.0,1
2020-07-19,22.3,26.8,17.8,22.0,58.0,0.0,0
2020-07-20,14.3,18.3,10.2,0.0,61.0,0.0,0
2020-07-21,15.2,23.3,7.0,0.0,61.0,19.8,1
2020-07-22,17.3,20.6,13.9,19.8,45.0,0.0,0
2020-07-23,18.5,25.4,11.6,0.0,45.0,0.0,0
2020-07-24,18.9,28.0,9.8,0.0,45.0,0.0,0
2020-07-25,21.5,29.9,13.1,0.0,39.0,33.7,1
2020-07-26,23.5,25.8,21.2,33.7,35.0,0.0,0
2020-07-27,18.5,23.3,13.7,0.0,45.0,3.0,1
2020-07-28,18.9,22.9,14.8,3.0,45.0,0.0,0
2020-07-29,18.5,22.8,14.2,0.0,39.0,0.0,0
2020-07-30,18.3,23.9,12.7,0.0,32.0,0.0,0
2020-07-31,17.8,24.4,11.1,0.0,32.0,0.0,0
2020-08-01,19.3,27.8,10.7,0.0,32.0,0.0,0
2020-08-02,19.1,24.8,13.3,0.0,41.0,0.0,0
2020-08-03,13.9,18.8,9.0,0.0,39.0,0.0,0
2020-08-04,14.6,20.2,9.0,0.0,41.0,1.2,1
2020-08-05,14.5,21.0,7.9,1.2,35.0,0.0,0
2020-08-06,17.0,26.8,7.1,0.0,35.0,0.0,0
2020-08-07,19.0,27.6,10.4,0.0,35.0,29.4,1
2020-08-08,17.5,23.6,11.4,29.4,37.0,0.0,0
2020-08-09,24.0,29.4,18.5,0.0,32.0,0.6,1
2020-08-10,21.2,26.7,15.6,0.6,41.0,0.0,0
2020-08-11,18.6,26.7,10.4,0.0,32.0,0.0,0
2020-08-12,21.1,28.8,13.4,0.0,32.0,0.0,0
2020-08-13,19.8,25.6,13.9,0.0,32.0,0.0,0
2020-08-14,20.8,29.3,12.3,0.0,33.0,0.6,1
2020-08-15,21.9,27.7,16.1,0.6,41.0,0.0,0
2020-08-16,18.2,25.2,11.1,0.0,35.0,0.0,0
2020-08-17,15.3,21.5,9.0,0.0,50.0,0.0,0
2020-08-18,14.5,19.4,9.5,0.0,42.0,0.0,0
2020-08-19,14.9,23.0,6.8,0.0,42.0,2.4,1
2020-08-20,17.5,22.6,12.4,2.4,33.0,0.0,0
2020-08-21,18.1,24.6,11.5,0.0,33.0,0.0,0
2020-08-22,20.4,24.9,15.8,0.0,33.0,4.6,1
2020-08-23,20.0,25.0,15.0,4.6,33.0,0.0,0
2020-08-24,19.2,24.1,14.3,0.0,33.0,0.0,0
2020-08-25,17.1,22.7,11.5,0.0,37.0,21.6,1
2020-08-26,15.4,17.6,13.2,21.6,33.0,1.2,1
2020-08-27,15.7,20.7,10.7,1.2,42.0,15.8,1
2020-08-28,15.8,21.0,10.5,15.8,42.0,2.4,1
2020-08-29,15.5,19.2,11.7,2.4,68.0,0.0,0
2020-08-30,14.1,20.1,8.1,0.0,68.0,0.0,0
2020-08-31,16.4,22.4,10.4,0.0,45.0,0.4,1
2020-09-01,14.8,21.8,7.8,0.4,37.0,2.0,1
2020-09-02,14.8,22.3,7.3,2.0,59.0,8.0,1
2020-09-03,13.6,20.3,6.8,8.0,80.0,0.2,1
2020-09-04,14.2,17.6,10.7,0.2,48.0,0.0,0
2020-09-05,11.1,18.3,3.9,0.0,42.0,6.4,1
2020-09-06,11.9,20.6,3.1,6.4,45.0,0.0,0
2020-09-07,11.0,17.6,4.4,0.0,78.0,0.0,0
2020-09-08,9.1,14.0,4.2,0.0,78.0,13.6,1
2020-09-09,9.9,12.2,7.5,13.6,78.0,1.4,1
2020-09-10,7.9,14.5,1.3,1.4,78.0,0.0,0
2020-09-11,10.2,19.3,1.1,0.0,78.0,13.8,1
2020-09-12,11.9,13.8,9.9,13.8,78.0,13.5,1
2020-09-13,12.8,16.0,9.5,13.5,55.0,0.0,0
2020-09-14,8.1,14.4,1.7,0.0,55.0,0.2,1
2020-09-15,11.7,20.9,2.5,0.2,61.0,0.0,0
2020-09-16,11.7,16.2,7.1,0.0,50.0,0.0,0
2020-09-17,6.9,13.0,0.8,0.0,45.0,0.0,0
2020-09-18,5.8,12.1,-0.6,0.0,33.0,1.9,1
2020-09-19,3.9,9.9,-2.2,1.9,33.0,0.0,0
2020-09-20,14.1,19.1,9.0,0.0,32.0,0.0,0
2020-09-21,14.3,20.4,8.1,0.0,32.0,0.0,0
2020-09-22,14.5,22.8,6.1,0.0,32.0,0.0,0
2020-09-23,14.5,25.3,3.7,0.0,32.0,0.0,0
2020-09-24,13.5,16.0,10.9,0.0,33.0,4.0,1
2020-09-25,17.6,23.1,12.1,4.0,42.0,6.5,1
2020-09-26,16.9,20.3,13.4,6.5,42.0,0.4,1
2020-09-27,14.7,18.6,10.8,0.4,48.0,8.5,1
2020-09-28,12.7,14.1,11.3,8.5,42.0,4.3,1
2020-09-29,12.4,14.6,10.1,4.3,35.0,0.5,1
2020-09-30,12.0,14.4,9.5,0.5,46.0,5.1,1
2020-10-01,6.1,11.0,1.2,5.1,48.0,0.0,0
2020-10-02,5.5,8.2,2.8,0.0,32.0,0.6,1
2020-10-03,5.2,8.6,1.8,0.6,39.0,0.2,1
2020-10-04,4.2,10.8,-2.4,0.2,45.0,0.0,0
2020-10-05,6.8,15.1,-1.6,0.0,50.0,2.2,1
2020-10-06,14.6,17.3,11.8,2.2,52.0,0.0,0
2020-10-07,10.3,13.3,7.2,0.0,59.0,1.7,1
2020-10-08,6.2,12.4,-0.1,1.7,42.0,0.0,0
2020-10-09,9.6,18.4,0.8,0.0,46.0,0.0,0
2020-10-10,10.0,18.4,1.6,0.0,54.0,0.0,0
2020-10-11,5.5,9.7,1.2,0.0,41.0,21.6,1
2020-10-12,10.0,14.1,5.8,21.6,74.0,1.8,1
2020-10-13,8.0,15.2,0.8,1.8,63.0,8.1,1
2020-10-14,7.8,12.4,3.1,8.1,42.0,1.0,1
2020-10-15,5.8,10.2,1.4,1.0,71.0,6.4,1
2020-10-16,2.2,7.3,-2.9,6.4,35.0,3.2,1
2020-10-17,4.8,9.2,0.3,3.2,41.0,4.4,1
2020-10-18,4.3,9.1,-0.6,4.4,46.0,2.2,1
2020-10-19,3.3,6.6,0.0,2.2,46.0,7.8,1
2020-10-20,3.2,6.4,0.0,7.8,33.0,3.6,1
2020-10-21,4.9,7.9,1.8,3.6,41.0,33.0,1
2020-10-22,1.2,4.8,-2.4,33.0,45.0,9.6,1
2020-10-23,2.0,3.7,0.3,9.6,45.0,1.4,1
2020-10-24,1.8,4.1,-0.6,1.4,45.0,1.3,1
2020-10-25,1.9,4.3,-0.6,1.3,45.0,1.8,1
2020-10-26,1.4,4.4,-1.6,1.8,45.0,0.0,0
2020-10-27,0.7,3.8,-2.5,0.0,35.0,0.2,1
2020-10-28,3.6,5.0,2.2,0.2,46.0,0.0,0
2020-10-29,-1.6,4.0,-7.2,0.0,35.0,0.0,0
2020-10-30,-3.0,1.2,-7.2,0.0,32.0,3.8,1
2020-10-31,0.9,8.2,-6.4,3.8,46.0,8.6,1
2020-11-01,0.9,8.2,-6.4,8.6,93.0,0.0,0
2020-11-02,2.5,7.2,-2.2,0.0,67.0,0.0,0
2020-11-03,4.7,8.5,0.8,0.0,37.0,0.0,0
2020-11-04,8.9,16.7,1.1,0.0,37.0,0.0,0
2020-11-05,6.3,14.3,-1.8,0.0,37.0,0.0,0
2020-11-06,9.0,18.9,-1.0,0.0,37.0,0.0,0
2020-11-07,12.7,18.4,7.0,0.0,45.0,0.0,0
2020-11-08,13.0,19.9,6.1,0.0,45.0,0.2,1
2020-11-09,17.3,23.0,11.6,0.2,45.0,25.0,1
2020-11-10,11.9,19.1,4.7,25.0,52.0,0.3,1
2020-11-11,3.6,11.6,-4.5,0.3,68.0,0.0,0
2020-11-12,3.2,10.7,-4.4,0.0,37.0,4.4,1
2020-11-13,1.9,5.3,-1.5,4.4,46.0,1.5,1
2020-11-14,0.4,5.3,-4.6,1.5,59.0,29.2,1
2020-11-15,5.1,8.6,1.6,29.2,81.0,4.0,1
2020-11-16,0.2,2.3,-1.9,4.0,81.0,1.9,1
2020-11-17,-4.4,-1.0,-7.7,1.9,72.0,0.0,0
2020-11-18,-2.0,2.9,-6.8,0.0,37.0,0.0,0
2020-11-19,4.4,10.3,-1.6,0.0,37.0,1.2,1
2020-11-20,1.8,5.6,-2.1,1.2,67.0,0.0,0
2020-11-21,-2.0,0.6,-4.6,0.0,54.0,0.6,1
2020-11-22,0.8,4.8,-3.2,0.6,54.0,4.0,1
2020-11-23,-1.9,2.4,-6.2,4.0,68.0,1.1,1
2020-11-24,-3.6,0.3,-7.5,1.1,35.0,0.0,0
2020-11-25,1.8,3.2,0.3,0.0,35.0,0.2,1
2020-11-26,3.4,5.4,1.4,0.2,37.0,0.0,0
2020-11-27,2.9,5.2,0.6,0.0,45.0,0.0,0
2020-11-28,1.4,6.9,-4.2,0.0,37.0,0.0,0
2020-11-29,1.0,6.4,-4.5,0.0,41.0,0.0,0
2020-11-30,-3.5,-0.5,-6.4,0.0,42.0,0.0,0
2020-12-01,-4.4,0.2,-8.9,0.0,50.0,0.2,1
2020-12-02,1.0,4.5,-2.5,0.2,65.0,0.6,1
2020-12-03,1.2,2.4,-0.1,0.6,59.0,0.2,1
2020-12-04,-2.8,2.4,-7.9,0.2,39.0,0.0,0
2020-12-05,-5.4,-1.1,-9.7,0.0,39.0,0.0,0
2020-12-06,-6.3,-1.7,-10.8,0.0,39.0,0.0,0
2020-12-07,-4.7,0.1,-9.5,0.0,39.0,0.0,0
2020-12-08,-1.9,2.0,-5.8,0.0,37.0,0.0,0
2020-12-09,3.1,4.4,1.8,0.0,52.0,0.0,0
2020-12-10,1.0,5.7,-3.8,0.0,52.0,0.0,0
2020-12-11,1.1,4.4,-2.3,0.0,33.0,0.0,0
2020-12-12,-5.4,-1.8,-8.9,0.0,42.0,0.0,0
2020-12-13,-6.9,-3.8,-9.9,0.0,42.0,5.4,1
2020-12-14,-5.3,-1.8,-8.7,5.4,72.0,0.8,1
2020-12-15,-10.3,-8.0,-12.5,0.8,41.0,0.4,1
2020-12-16,-8.2,-4.8,-11.5,0.4,37.0,0.0,0
2020-12-17,-11.1,-4.4,-17.8,0.0,37.0,0.0,0
2020-12-18,-2.7,0.2,-5.6,0.0,37.0,3.6,1
2020-12-19,-0.3,0.5,-1.0,3.6,37.0,0.0,0
2020-12-20,1.1,2.5,-0.3,0.0,37.0,0.0,0
2020-12-21,-1.6,1.8,-4.9,0.0,45.0,1.6,1
2020-12-22,-2.3,-0.8,-3.8,1.6,58.0,3.7,1
2020-12-23,2.3,5.7,-1.1,3.7,41.0,1.7,1
2020-12-24,-0.9,5.7,-7.4,1.7,61.0,1.0,1
2020-12-25,-8.0,-6.2,-9.7,1.0,48.0,2.9,1
2020-12-26,-7.5,-5.6,-9.4,2.9,58.0,3.8,1
2020-12-27,-4.2,-2.0,-6.4,3.8,37.0,1.8,1
2020-12-28,-4.8,-2.5,-7.1,1.8,59.0,0.0,0
2020-12-29,-6.9,-4.5,-9.3,0.0,52.0,9.2,1
2020-12-30,-2.8,-0.8,-4.7,9.2,48.0,2.8,1
2020-12-31,-6.4,-0.8,-12.0,2.8,59.0,0.0,0
2021-01-01,-7.2,-2.0,-12.4,0.0,59.0,0.0,0
2021-01-02,-1.8,-0.3,-3.2,0.0,59.0,0.0,0
2021-01-03,-0.8,0.5,-2.0,0.0,59.0,0.0,0
2021-01-04,0.1,1.6,-1.4,0.0,33.0,0.2,1
2021-01-05,-0.2,1.3,-1.6,0.2,33.0,0.0,0
2021-01-06,-3.3,2.3,-8.9,0.0,33.0,0.0,0
2021-01-07,-7.1,-0.6,-13.6,0.0,33.0,0.0,0
2021-01-08,-10.5,-3.5,-17.4,0.0,33.0,0.8,1
2021-01-09,-5.9,0.6,-12.3,0.8,33.0,2.0,1
2021-01-10,-0.4,0.7,-1.4,2.0,33.0,0.0,0
2021-01-11,-1.8,-0.6,-2.9,0.0,42.0,0.0,0
2021-01-12,-1.0,0.3,-2.2,0.0,42.0,0.0,0
2021-01-13,0.0,1.2,-1.2,0.0,33.0,0.0,0
2021-01-14,0.3,1.5,-0.9,0.0,45.0,0.4,1
2021-01-15,1.3,2.4,0.2,0.4,45.0,2.6,1
2021-01-16,-1.7,1.0,-4.3,2.6,45.0,0.0,0
2021-01-17,-5.4,-3.0,-7.8,0.0,45.0,0.2,1
2021-01-18,-6.7,-4.3,-9.1,0.2,45.0,5.8,1
2021-01-19,-8.1,-2.7,-13.5,5.8,71.0,1.7,1
2021-01-20,-7.7,-1.4,-13.9,1.7,39.0,2.0,1
2021-01-21,-2.9,1.4,-7.1,2.0,68.0,1.6,1
2021-01-22,-11.4,-7.7,-15.1,1.6,59.0,0.0,0
2021-01-23,-12.7,-10.1,-15.3,0.0,59.0,2.4,1
2021-01-24,-6.2,-2.4,-10.0,2.4,41.0,0.0,0
2021-01-25,-8.5,-3.5,-13.4,0.0,42.0,0.0,0
2021-01-26,-13.0,-7.2,-18.7,0.0,42.0,0.4,1
2021-01-27,-16.3,-9.5,-23.0,0.4,42.0,1.4,1
2021-01-28,-10.4,-5.8,-15.0,1.4,48.0,0.0,0
2021-01-29,-12.1,-6.0,-18.1,0.0,37.0,0.0,0
2021-01-30,-9.5,-4.9,-14.1,0.0,37.0,0.0,0
2021-01-31,-9.1,-4.6,-13.5,0.0,37.0,0.0,0
2021-02-01,-13.0,-5.5,-20.4,0.0,37.0,0.0,0
2021-02-02,-10.7,-4.5,-16.9,0.0,35.0,0.0,0
2021-02-03,-9.0,1.1,-19.1,0.0,35.0,7.4,1
2021-02-04,-2.0,2.5,-6.5,7.4,46.0,7.4,1
2021-02-05,-6.4,-0.1,-12.7,7.4,58.0,0.0,0
2021-02-06,-12.2,-9.2,-15.2,0.0,55.0,0.0,0
2021-02-07,-14.4,-10.1,-18.6,0.0,50.0,0.0,0
2021-02-08,-14.9,-11.4,-18.4,0.0,39.0,0.0,0
2021-02-09,-14.9,-11.4,-18.4,0.0,32.0,0.4,1
2021-02-10,-18.1,-9.0,-27.2,0.4,39.0,0.0,0
2021-02-11,-17.1,-10.3,-23.8,0.0,39.0,0.8,1
2021-02-12,-14.6,-11.8,-17.3,0.8,33.0,0.8,1
2021-02-13,-15.5,-13.2,-17.7,0.8,33.0,2.6,1
2021-02-14,-13.2,-9.4,-17.0,2.6,46.0,0.6,1
2021-02-15,-16.5,-13.9,-19.1,0.6,42.0,0.0,0
2021-02-16,-13.0,-9.1,-16.9,0.0,37.0,0.0,0
2021-02-17,-12.8,-5.3,-20.3,0.0,33.0,0.0,0
2021-02-18,-13.7,-4.9,-22.5,0.0,33.0,0.0,0
2021-02-19,-11.1,-4.6,-17.6,0.0,33.0,1.2,1
2021-02-20,-10.5,-3.0,-17.9,1.2,32.0,1.8,1
2021-02-21,-4.0,0.3,-8.2,1.8,33.0,3.4,1
2021-02-22,-1.6,0.9,-4.0,3.4,48.0,3.4,1
2021-02-23,-1.6,0.9,-4.0,3.4,48.0,7.4,1
2021-02-24,-1.6,0.9,-4.0,7.4,63.0,0.6,1
2021-02-25,-12.8,-6.1,-19.4,0.6,63.0,0.0,0
2021-02-26,-4.5,3.0,-12.0,0.0,48.0,2.0,1
2021-02-27,0.2,5.0,-4.7,2.0,32.0,1.8,1
2021-02-28,-0.7,2.7,-4.1,1.8,84.0,9.0,1
2021-03-01,-8.5,-4.4,-12.5,9.0,74.0,0.0,0
2021-03-02,-5.0,1.7,-11.6,0.0,46.0,0.0,0
2021-03-03,-4.0,0.4,-8.4,0.0,46.0,0.0,0
2021-03-04,-4.0,0.4,-8.4,0.0,42.0,0.0,0
2021-03-05,-6.8,-2.6,-11.0,0.0,71.0,0.0,0
2021-03-06,-13.0,-7.1,-18.9,0.0,48.0,0.0,0
2021-03-07,-12.6,-1.3,-23.8,0.0,48.0,0.0,0
2021-03-08,-0.1,5.0,-5.1,0.0,48.0,0.0,0
2021-03-09,0.6,8.7,-7.5,0.0,34.0,9.4,1
2021-03-10,3.2,4.6,1.8,9.4,34.0,7.2,1
2021-03-11,4.1,9.3,-1.2,7.2,78.0,0.8,1
2021-03-12,-3.2,1.2,-7.5,0.8,72.0,0.0,0
2021-03-13,-2.0,6.2,-10.2,0.0,51.0,0.0,0
2021-03-14,-4.4,0.2,-8.9,0.0,49.0,0.0,0
2021-03-15,-7.0,-0.9,-13.0,0.0,38.0,0.0,0
2021-03-16,-2.1,1.8,-5.9,0.0,38.0,0.0,0
2021-03-17,-2.6,2.9,-8.1,0.0,38.0,0.0,0
2021-03-18,-0.5,6.1,-7.1,0.0,42.0,0.0,0
2021-03-19,0.1,9.0,-8.9,0.0,32.0,0.0,0
2021-03-20,2.1,11.1,-7.0,0.0,33.0,0.0,0
2021-03-21,6.0,15.0,-3.1,0.0,38.0,0.9,1
2021-03-22,5.6,10.9,0.2,0.9,37.0,0.8,1
2021-03-23,7.4,14.2,0.6,0.8,37.0,17.1,1
2021-03-24,6.5,8.8,4.1,17.1,37.0,0.2,1
2021-03-25,1.2,5.4,-3.1,0.2,46.0,0.0,0
2021-03-26,-1.8,-0.5,-3.0,0.0,32.0,1.0,1
2021-03-27,0.4,2.7,-2.0,1.0,32.0,8.6,1
2021-03-28,-0.6,0.8,-1.9,8.6,64.0,0.0,0
2021-03-29,-2.6,3.0,-8.2,0.0,43.0,0.0,0
2021-03-30,6.7,13.7,-0.3,0.0,63.0,0.4,1
2021-03-31,-3.3,0.6,-7.1,0.4,54.0,0.0,0
2021-04-01,-6.4,-1.9,-10.8,0.0,47.0,0.0,0
2021-04-02,-2.0,7.3,-11.2,0.0,47.0,0.0,0
2021-04-03,5.5,13.1,-2.2,0.0,47.0,0.0,0
2021-04-04,6.6,16.5,-3.4,0.0,47.0,0.0,0
2021-04-05,6.6,16.5,-3.4,0.0,46.0,2.5,1
2021-04-06,6.6,16.5,-3.4,2.5,37.0,9.7,1
2021-04-07,10.1,15.9,4.2,9.7,36.0,9.8,1
2021-04-08,13.2,19.3,7.0,9.8,48.0,4.7,1
2021-04-09,11.2,14.0,8.4,4.7,35.0,0.0,0
2021-04-10,11.2,17.6,4.7,0.0,35.0,1.4,1
2021-04-11,11.1,16.9,5.2,1.4,65.0,2.1,1
2021-04-12,10.8,14.8,6.8,2.1,45.0,0.0,0
2021-04-13,7.3,10.3,4.2,0.0,45.0,6.0,1
2021-04-14,2.5,4.4,0.6,6.0,45.0,0.0,0
2021-04-15,2.9,4.8,1.0,0.0,47.0,0.0,0
2021-04-16,2.9,5.9,-0.2,0.0,53.0,0.0,0
2021-04-17,2.3,7.3,-2.7,0.0,41.0,0.0,0
2021-04-18,6.5,12.9,0.0,0.0,33.0,1.8,1
2021-04-19,1.5,5.0,-2.0,1.8,65.0,1.8,1
2021-04-20,-3.2,-1.9,-4.5,1.8,57.0,0.0,0
2021-04-21,-2.1,1.5,-5.7,0.0,41.0,0.0,0
2021-04-22,2.4,8.3,-3.5,0.0,50.0,0.0,0
2021-04-23,6.1,17.1,-4.9,0.0,39.0,1.4,1
2021-04-24,5.6,13.7,-2.6,1.4,55.0,0.0,0
2021-04-25,-0.9,2.2,-4.0,0.0,57.0,4.2,1
2021-04-26,-0.4,4.0,-4.8,4.2,50.0,2.8,1
2021-04-27,5.9,11.3,0.5,2.8,39.0,9.2,1
2021-04-28,5.6,11.6,-0.5,9.2,31.0,0.0,0
2021-04-29,6.3,13.7,-1.2,0.0,55.0,0.0,0
2021-04-30,6.3,13.7,-1.2,0.0,72.0,1.0,1
2021-05-01,4.7,14.0,-4.6,1.0,53.0,0.2,1
2021-05-02,10.9,16.9,4.8,0.2,36.0,13.3,1
2021-05-03,7.6,10.0,5.2,13.3,41.0,3.5,1
2021-05-04,5.8,8.4,3.1,3.5,37.0,0.0,0
2021-05-05,2.8,7.1,-1.5,0.0,53.0,0.0,0
2021-05-06,3.9,10.1,-2.3,0.0,48.0,0.0,0
2021-05-07,2.2,7.2,-2.9,0.0,46.0,0.0,0
2021-05-08,3.2,9.8,-3.4,0.0,34.0,0.0,0
2021-05-09,1.2,7.4,-5.0,0.0,46.0,0.0,0
2021-05-10,3.3,7.6,-1.0,0.0,49.0,0.2,1
2021-05-11,4.5,10.2,-1.2,0.2,57.0,0.0,0
2021-05-12,7.6,15.5,-0.4,0.0,39.0,0.0,0
2021-05-13,8.3,20.0,-3.5,0.0,39.0,0.0,0
2021-05-14,9.6,20.3,-1.2,0.0,39.0,0.0,0
2021-05-15,12.1,22.8,1.4,0.0,39.0,0.0,0
2021-05-16,10.9,19.8,1.9,0.0,39.0,0.0,0
2021-05-17,13.9,24.9,2.8,0.0,39.0,0.0,0
2021-05-18,16.0,27.5,4.4,0.0,39.0,1.2,1
2021-05-19,17.0,22.1,11.8,1.2,39.0,0.0,0
2021-05-20,19.4,26.6,12.1,0.0,39.0,0.3,1
2021-05-21,21.6,28.3,14.9,0.3,38.0,0.0,0
2021-05-22,20.1,26.3,13.9,0.0,32.0,0.0,0
2021-05-23,12.0,19.0,5.0,0.0,40.0,5.4,1
2021-05-24,11.8,19.6,4.0,5.4,40.0,0.7,1
2021-05-25,17.7,24.5,10.9,0.7,52.0,0.0,0
2021-05-26,9.7,17.2,2.2,0.0,59.0,0.0,0
2021-05-27,2.8,8.1,-2.5,0.0,38.0,0.0,0
2021-05-28,7.4,12.1,2.7,0.0,40.0,0.0,0
2021-05-29,8.5,18.1,-1.2,0.0,40.0,0.0,0
2021-05-30,9.4,21.0,-2.2,0.0,40.0,1.3,1
2021-05-31,13.1,20.6,5.5,1.3,37.0,0.0,0
2021-06-01,12.7,23.5,1.8,0.0,37.0,0.0,0
2021-06-02,14.3,25.4,3.1,0.0,33.0,0.0,0
2021-06-03,18.6,26.4,10.7,0.0,34.0,0.0,0
2021-06-04,17.9,28.6,7.1,0.0,32.0,6.4,1
2021-06-05,20.8,26.4,15.1,6.4,32.0,0.0,0
2021-06-06,22.3,30.5,14.1,0.0,47.0,0.0,0
2021-06-07,22.9,30.8,14.9,0.0,35.0,0.8,1
2021-06-08,23.3,31.7,14.9,0.8,44.0,0.0,0
2021-06-09,20.5,28.5,12.4,0.0,34.0,18.5,1
2021-06-10,18.1,21.4,14.7,18.5,40.0,1.3,1
2021-06-11,15.2,19.0,11.3,1.3,36.0,0.7,1
2021-06-12,17.6,24.6,10.6,0.7,38.0,0.0,0
2021-06-13,16.5,22.4,10.5,0.0,36.0,0.0,0
2021-06-14,14.6,19.3,9.8,0.0,41.0,0.0,0
2021-06-15,14.0,18.7,9.3,0.0,48.0,0.0,0
2021-06-16,11.2,20.4,1.9,0.0,40.0,0.0,0
2021-06-17,14.4,25.3,3.5,0.0,52.0,0.0,0
2021-06-18,20.3,27.8,12.8,0.0,51.0,0.0,0
2021-06-19,11.2,17.6,4.8,0.0,42.0,6.3,1
2021-06-20,12.5,21.9,3.1,6.3,42.0,17.9,1
2021-06-21,9.5,14.5,4.5,17.9,68.0,0.0,0
2021-06-22,9.2,16.8,1.5,0.0,40.0,0.0,0
2021-06-23,13.2,25.0,1.3,0.0,36.0,2.0,1
2021-06-24,18.1,20.0,16.1,2.0,42.0,1.2,1
2021-06-25,16.7,20.1,13.3,1.2,42.0,1.3,1
2021-06-26,16.4,20.0,12.8,1.3,42.0,3.2,1
2021-06-27,16.9,21.7,12.0,3.2,34.0,0.0,0
2021-06-28,19.8,27.4,12.2,0.0,34.0,4.1,1
2021-06-29,18.5,22.4,14.6,4.1,34.0,0.0,0
2021-06-30,17.1,22.1,12.0,0.0,34.0,0.0,0
2021-07-01,15.1,19.7,10.5,0.0,46.0,10.6,1
2021-07-02,15.4,19.3,11.4,10.6,32.0,1.9,1
2021-07-03,17.0,24.3,9.6,1.9,39.0,0.0,0
2021-07-04,23.4,31.5,15.2,0.0,39.0,0.3,1
2021-07-05,21.4,27.7,15.0,0.3,39.0,0.7,1
2021-07-06,17.9,22.1,13.7,0.7,35.0,0.7,1
2021-07-07,15.1,18.8,11.3,0.7,33.0,0.0,0
2021-07-08,16.2,20.0,12.3,0.0,36.0,0.0,0
2021-07-09,14.6,23.2,5.9,0.0,33.0,0.0,0
2021-07-10,15.4,26.7,4.1,0.0,33.0,0.0,0
2021-07-11,17.1,27.5,6.6,0.0,33.0,0.0,0
2021-07-12,18.8,29.2,8.3,0.0,33.0,3.2,1
2021-07-13,19.4,23.9,14.8,3.2,33.0,11.9,1
2021-07-14,21.3,29.4,13.1,11.9,34.0,29.5,1
2021-07-15,20.5,25.2,15.7,29.5,40.0,0.0,0
2021-07-16,18.4,27.2,9.5,0.0,40.0,0.0,0
2021-07-17,18.9,27.9,9.8,0.0,40.0,0.0,0
2021-07-18,19.6,25.6,13.6,0.0,40.0,0.0,0
2021-07-19,21.5,28.9,14.0,0.0,40.0,0.0,0
2021-07-20,14.9,21.3,8.4,0.0,40.0,0.0,0
2021-07-21,15.2,22.8,7.5,0.0,32.0,0.5,1
2021-07-22,14.4,20.6,8.1,0.5,32.0,3.6,1
2021-07-23,18.2,26.4,9.9,3.6,35.0,13.1,1
2021-07-24,18.4,22.8,14.0,13.1,34.0,0.0,0
2021-07-25,19.1,26.4,11.8,0.0,34.0,0.8,1
2021-07-26,18.7,27.7,9.7,0.8,34.0,0.0,0
2021-07-27,19.2,25.7,12.7,0.0,34.0,33.5,1
2021-07-28,18.4,26.4,10.3,33.5,36.0,18.8,1
2021-07-29,18.4,23.9,12.8,18.8,50.0,0.0,0
2021-07-30,14.2,18.4,10.0,0.0,40.0,19.8,1
2021-07-31,15.1,18.8,11.4,19.8,40.0,0.0,0
2021-08-01,17.4,21.4,13.4,0.0,46.0,0.0,0
2021-08-02,18.9,24.1,13.7,0.0,46.0,0.0,0
2021-08-03,18.8,26.1,11.5,0.0,46.0,0.0,0
2021-08-04,19.5,28.1,10.8,0.0,31.0,0.0,0
2021-08-05,21.0,28.5,13.4,0.0,31.0,0.0,0
2021-08-06,20.9,23.7,18.1,0.0,32.0,0.0,0
2021-08-07,21.2,25.5,16.8,0.0,32.0,17.3,1
2021-08-08,20.6,23.8,17.3,17.3,32.0,2.0,1
2021-08-09,22.1,26.1,18.1,2.0,40.0,0.6,1
2021-08-10,24.2,29.1,19.2,0.6,52.0,33.9,1
2021-08-11,22.1,25.7,18.5,33.9,51.0,0.0,0
2021-08-12,19.0,25.5,12.5,0.0,42.0,0.0,0
2021-08-13,17.4,22.7,12.1,0.0,43.0,0.0,0
2021-08-14,15.5,22.1,8.9,0.0,43.0,0.0,0
2021-08-15,17.8,27.6,7.9,0.0,31.0,0.0,0
2021-08-16,20.4,28.5,12.2,0.0,31.0,0.0,0
2021-08-17,19.8,27.0,12.5,0.0,31.0,0.0,0
2021-08-18,19.9,28.7,11.1,0.0,41.0,0.0,0
2021-08-19,20.4,28.6,12.1,0.0,41.0,0.0,0
2021-08-20,22.1,30.5,13.7,0.0,41.0,0.0,0
2021-08-21,24.6,30.9,18.3,0.0,51.0,0.0,0
2021-08-22,18.8,22.7,14.8,0.0,39.0,0.0,0
2021-08-23,18.7,27.4,9.9,0.0,39.0,0.0,0
2021-08-24,21.9,27.0,16.7,0.0,39.0,0.0,0
2021-08-25,21.6,28.5,14.6,0.0,39.0,0.0,0
2021-08-26,17.9,25.2,10.6,0.0,39.0,4.8,1
2021-08-27,15.5,17.7,13.3,4.8,42.0,1.1,1
2021-08-28,21.7,29.3,14.0,1.1,42.0,35.6,1
2021-08-29,23.2,26.9,19.5,35.6,66.0,0.0,0
2021-08-30,19.2,22.1,16.2,0.0,45.0,0.0,0
2021-08-31,16.2,21.8,10.5,0.0,35.0,0.0,0
2021-09-01,14.0,21.4,6.6,0.0,35.0,0.0,0
2021-09-02,12.6,21.2,3.9,0.0,43.0,0.0,0
2021-09-03,14.9,22.1,7.6,0.0,43.0,5.2,1
2021-09-04,13.8,17.2,10.4,5.2,41.0,3.7,1
2021-09-05,17.0,20.2,13.7,3.7,46.0,8.1,1
2021-09-06,13.9,19.4,8.3,8.1,50.0,6.0,1
2021-09-07,13.9,19.4,8.3,6.0,37.0,13.2,1
2021-09-08,15.5,18.1,12.9,13.2,55.0,0.0,0
2021-09-09,15.5,18.1,12.9,0.0,40.0,0.0,0
2021-09-10,14.9,22.5,7.2,0.0,40.0,0.6,1
2021-09-11,17.3,22.6,11.9,0.6,39.0,0.0,0
2021-09-12,17.3,22.6,11.9,0.0,39.0,0.0,0
2021-09-13,17.3,22.6,11.9,0.0,39.0,8.0,1
2021-09-14,17.3,22.6,11.9,8.0,63.0,0.0,0
2021-09-15,13.7,20.3,7.1,0.0,34.0,0.0,0
2021-09-16,14.6,23.6,5.6,0.0,32.0,0.0,0
2021-09-17,19.4,25.3,13.5,0.0,52.0,0.0,0
2021-09-18,13.0,20.7,5.3,0.0,52.0,0.0,0
2021-09-19,14.8,23.4,6.2,0.0,31.0,1.7,1
2021-09-20,19.4,24.2,14.6,1.7,41.0,8.4,1
2021-09-21,14.9,20.7,9.1,8.4,51.0,0.0,0
2021-09-22,11.4,16.1,6.7,0.0,34.0,8.5,1
2021-09-23,7.3,10.9,3.6,8.5,32.0,6.9,1
2021-09-24,13.5,19.0,8.0,6.9,40.0,8.1,1
2021-09-25,13.7,17.2,10.1,8.1,51.0,0.2,1
2021-09-26,14.8,20.1,9.4,0.2,34.0,0.0,0
2021-09-27,11.7,18.4,5.0,0.0,41.0,0.0,0
2021-09-28,9.7,18.4,0.9,0.0,41.0,0.0,0
2021-09-29,11.6,20.8,2.3,0.0,41.0,0.0,0
2021-09-30,11.4,19.7,3.0,0.0,41.0,0.0,0
2021-10-01,18.1,24.2,11.9,0.0,42.0,25.6,1
2021-10-02,17.7,21.9,13.5,25.6,42.0,0.6,1
2021-10-03,17.0,17.9,16.1,0.6,42.0,0.0,0
2021-10-04,15.6,19.9,11.3,0.0,42.0,0.0,0
2021-10-05,14.1,20.9,7.3,0.0,42.0,0.0,0
2021-10-06,13.6,21.7,5.5,0.0,42.0,0.0,0
2021-10-07,14.8,21.6,8.0,0.0,42.0,0.9,1
2021-10-08,16.5,17.9,15.0,0.9,42.0,11.2,1
2021-10-09,18.4,20.7,16.0,11.2,42.0,0.9,1
2021-10-10,18.0,20.1,15.9,0.9,36.0,0.0,0
2021-10-11,20.4,23.3,17.5,0.0,44.0,15.0,1
2021-10-12,18.2,21.3,15.0,15.0,44.0,0.3,1
2021-10-13,16.7,18.3,15.1,0.3,44.0,0.0,0
2021-10-14,14.7,20.4,8.9,0.0,31.0,2.2,1
2021-10-15,10.9,16.3,5.4,2.2,31.0,3.7,1
2021-10-16,9.4,13.5,5.2,3.7,64.0,4.4,1
2021-10-17,10.2,14.8,5.6,4.4,69.0,0.0,0
2021-10-18,7.1,15.1,-1.0,0.0,69.0,0.0,0
2021-10-19,7.1,15.1,-1.0,0.0,69.0,2.2,1
2021-10-20,9.4,14.2,4.5,2.2,31.0,4.8,1
2021-10-21,2.5,8.4,-3.5,4.8,41.0,8.0,1
2021-10-22,2.8,8.4,-2.9,8.0,48.0,2.5,1
2021-10-23,4.4,10.7,-1.9,2.5,37.0,8.4,1
2021-10-24,4.2,8.6,-0.3,8.4,32.0,0.0,0
2021-10-25,3.7,9.8,-2.5,0.0,47.0,0.0,0
2021-10-26,3.7,10.4,-3.0,0.0,32.0,0.0,0
2021-10-27,7.0,10.7,3.3,0.0,32.0,0.0,0
2021-10-28,10.2,14.0,6.4,0.0,40.0,0.0,0
2021-10-29,8.6,12.6,4.5,0.0,33.0,0.0,0
2021-10-30,8.8,15.2,2.4,0.0,33.0,2.6,1
2021-10-31,7.4,11.2,3.6,2.6,72.0,4.8,1
2021-11-01,3.4,5.9,0.8,4.8,54.0,22.2,1
2021-11-02,-0.6,3.3,-4.5,22.2,54.0,0.6,1
2021-11-03,-1.7,2.4,-5.8,0.6,54.0,0.0,0
2021-11-04,-0.6,4.2,-5.3,0.0,54.0,0.0,0
2021-11-05,2.9,9.9,-4.1,0.0,36.0,0.9,1
2021-11-06,9.1,12.0,6.2,0.9,40.0,0.0,0
2021-11-07,11.2,16.1,6.2,0.0,31.0,0.0,0
2021-11-08,8.8,14.2,3.4,0.0,43.0,0.0,0
2021-11-09,4.3,11.0,-2.5,0.0,33.0,0.0,0
2021-11-10,4.8,9.9,-0.3,0.0,33.0,4.2,1
2021-11-11,6.6,9.8,3.4,4.2,80.0,1.8,1
2021-11-12,2.8,7.8,-2.3,1.8,35.0,6.0,1
2021-11-13,0.7,4.0,-2.7,6.0,57.0,1.7,1
2021-11-14,0.4,2.6,-1.8,1.7,57.0,4.5,1
2021-11-15,0.8,5.3,-3.8,4.5,38.0,1.9,1
2021-11-16,0.1,2.2,-2.1,1.9,39.0,1.0,1
2021-11-17,4.5,6.7,2.2,1.0,61.0,2.3,1
2021-11-18,1.6,3.4,-0.2,2.3,62.0,3.4,1
2021-11-19,0.7,2.8,-1.5,3.4,35.0,0.0,0
2021-11-20,2.6,4.6,0.6,0.0,35.0,4.5,1
2021-11-21,0.1,3.6,-3.5,4.5,86.0,16.8,1
2021-11-22,-2.7,-0.4,-4.9,16.8,89.0,4.0,1
2021-11-23,-2.6,0.9,-6.1,4.0,45.0,0.0,0
2021-11-24,2.2,5.5,-1.1,0.0,45.0,1.8,1
2021-11-25,-0.6,5.1,-6.3,1.8,43.0,0.0,0
2021-11-26,-8.0,-5.1,-10.8,0.0,37.0,0.2,1
2021-11-27,-7.8,-3.4,-12.2,0.2,37.0,10.3,1
2021-11-28,-2.3,0.4,-4.9,10.3,37.0,3.0,1
2021-11-29,-1.9,1.6,-5.4,3.0,37.0,4.6,1
2021-11-30,0.8,2.8,-1.3,4.6,74.0,7.2,1
2021-12-01,-0.4,5.3,-6.1,7.2,44.0,3.9,1
2021-12-02,0.7,5.0,-3.6,3.9,73.0,1.2,1
2021-12-03,-2.7,1.0,-6.4,1.2,50.0,4.8,1
2021-12-04,-1.4,0.7,-3.5,4.8,75.0,3.8,1
2021-12-05,-4.5,-2.3,-6.6,3.8,49.0,7.0,1
2021-12-06,-4.6,0.4,-9.6,7.0,74.0,7.7,1
2021-12-07,-10.8,-7.8,-13.7,7.7,39.0,5.0,1
2021-12-08,-11.5,-4.5,-18.4,5.0,40.0,3.0,1
2021-12-09,-4.7,-0.1,-9.3,3.0,38.0,3.2,1
2021-12-10,-0.7,2.5,-3.8,3.2,45.0,19.6,1
2021-12-11,-0.3,1.3,-1.9,19.6,78.0,0.0,0
2021-12-12,0.3,4.1,-3.6,0.0,51.0,0.0,0
2021-12-13,0.7,5.0,-3.7,0.0,54.0,0.0,0
2021-12-14,-2.7,2.4,-7.7,0.0,43.0,3.3,1
2021-12-15,4.6,7.0,2.1,3.3,44.0,0.4,1
2021-12-16,5.0,12.1,-2.1,0.4,84.0,0.2,1
2021-12-17,-3.6,-1.9,-5.3,0.2,60.0,0.2,1
2021-12-18,-5.9,-4.0,-7.8,0.2,32.0,0.0,0
2021-12-19,-5.7,-1.2,-10.1,0.0,36.0,1.4,1
2021-12-20,-1.9,1.4,-5.2,1.4,64.0,9.2,1
2021-12-21,-4.5,-2.2,-6.8,9.2,66.0,4.8,1
2021-12-22,-6.9,-3.4,-10.4,4.8,55.0,0.0,0
2021-12-23,-5.9,-2.1,-9.6,0.0,55.0,5.8,1
2021-12-24,-0.2,3.1,-3.4,5.8,43.0,0.2,1
2021-12-25,0.7,3.0,-1.7,0.2,59.0,0.0,0
2021-12-26,-5.9,-1.6,-10.1,0.0,39.0,4.5,1
2021-12-27,-5.6,-1.4,-9.8,4.5,59.0,0.8,1
2021-12-28,-3.1,-1.7,-4.5,0.8,54.0,2.4,1
2021-12-29,-2.0,0.7,-4.7,2.4,55.0,0.2,1
2021-12-30,-5.5,-3.4,-7.6,0.2,55.0,2.4,1
2021-12-31,-2.2,-0.1,-4.3,2.4,35.0,1.0,1
2022-01-01,-9.2,-4.4,-14.0,1.0,43.0,0.6,1
2022-01-02,-12.7,-8.3,-17.0,0.6,43.0,0.0,0
2022-01-03,-11.6,-2.0,-21.1,0.0,44.0,0.0,0
2022-01-04,-3.4,-1.5,-5.3,0.0,36.0,1.9,1
2022-01-05,-7.9,-1.6,-14.2,1.9,45.0,0.0,0
2022-01-06,-18.0,-14.2,-21.8,0.0,32.0,0.0,0
2022-01-07,-19.6,-11.3,-27.8,0.0,32.0,0.2,1
2022-01-08,-9.0,-2.9,-15.1,0.2,43.0,9.2,1
2022-01-09,-7.5,-2.4,-12.6,9.2,78.0,13.8,1
2022-01-10,-16.4,-11.2,-21.5,13.8,59.0,0.2,1
2022-01-11,-14.3,-6.0,-22.6,0.2,40.0,0.4,1
2022-01-12,-6.7,-3.5,-9.9,0.4,56.0,0.4,1
2022-01-13,-10.9,-3.3,-18.5,0.4,43.0,0.0,0
2022-01-14,-22.5,-17.7,-27.2,0.0,36.0,0.0,0
2022-01-15,-24.6,-17.9,-31.3,0.0,36.0,0.6,1
2022-01-16,-13.6,-5.3,-21.9,0.6,36.0,0.4,1
2022-01-17,-6.8,-3.2,-10.3,0.4,46.0,6.0,1
2022-01-18,-10.1,-7.4,-12.8,6.0,54.0,3.8,1
2022-01-19,-9.9,-0.4,-19.3,3.8,74.0,0.2,1
2022-01-20,-17.7,-13.7,-21.6,0.2,74.0,0.0,0
2022-01-21,-10.5,-6.4,-14.6,0.0,39.0,5.6,1
2022-01-22,-10.6,-6.0,-15.1,5.6,72.0,1.0,1
2022-01-23,-13.7,-9.2,-18.1,1.0,41.0,0.4,1
2022-01-24,-13.1,-7.9,-18.3,0.4,51.0,1.4,1
2022-01-25,-21.1,-15.0,-27.1,1.4,51.0,0.2,1
2022-01-26,-17.0,-8.3,-25.6,0.2,41.0,5.4,1
2022-01-27,-12.0,-4.8,-19.2,5.4,57.0,0.0,0
2022-01-28,-17.7,-12.4,-23.0,0.0,57.0,0.2,1
2022-01-29,-16.0,-9.1,-22.8,0.2,57.0,1.0,1
2022-01-30,-11.9,-6.3,-17.4,1.0,57.0,0.0,0
2022-01-31,-6.9,-3.6,-10.2,0.0,33.0,0.0,0
2022-02-01,-0.4,4.7,-5.4,0.0,53.0,0.6,1
2022-02-02,-0.4,4.7,-5.4,0.6,51.0,1.0,1
2022-02-03,-18.1,-10.2,-25.9,1.0,40.0,0.0,0
2022-02-04,-22.5,-14.3,-30.6,0.0,40.0,0.6,1
2022-02-05,-17.8,-7.2,-28.4,0.6,35.0,4.4,1
2022-02-06,-6.0,-4.7,-7.2,4.4,35.0,0.4,1
2022-02-07,-5.5,-4.5,-6.5,0.4,35.0,0.0,0
2022-02-08,-8.8,-2.1,-15.4,0.0,35.0,4.1,1
2022-02-09,-2.7,0.2,-5.5,4.1,43.0,3.2,1
2022-02-10,-3.9,-0.7,-7.0,3.2,54.0,3.8,1
2022-02-11,-8.0,0.2,-16.1,3.8,49.0,0.0,0
2022-02-12,-23.7,-16.1,-31.3,0.0,38.0,0.0,0
2022-02-13,-22.4,-14.0,-30.7,0.0,38.0,1.8,1
2022-02-14,-19.8,-8.8,-30.8,1.8,38.0,1.4,1
2022-02-15,-17.3,-7.3,-27.2,1.4,39.0,0.7,1
2022-02-16,0.1,7.6,-7.4,0.7,44.0,0.6,1
2022-02-17,-10.5,-2.6,-18.3,0.6,53.0,6.2,1
2022-02-18,-19.3,-8.5,-30.1,6.2,59.0,2.6,1
2022-02-19,-12.7,-9.1,-16.2,2.6,74.0,4.8,1
2022-02-20,-4.7,0.7,-10.0,4.8,57.0,0.0,0
2022-02-21,-12.4,-8.9,-15.8,0.0,42.0,6.6,1
2022-02-22,-13.4,-12.3,-14.4,6.6,40.0,0.4,1
2022-02-23,-20.6,-12.7,-28.5,0.4,37.0,0.0,0
2022-02-24,-18.5,-7.6,-29.3,0.0,37.0,0.0,0
2022-02-25,-15.3,-7.2,-23.4,0.0,37.0,0.0,0
2022-02-26,-13.9,-1.7,-26.0,0.0,50.0,1.6,1
2022-02-27,-9.2,-1.5,-16.9,1.6,70.0,3.2,1
2022-02-28,-14.2,-7.3,-21.1,3.2,32.0,1.0,1
2022-03-01,-5.0,-2.1,-7.9,1.0,46.0,1.0,1
2022-03-02,-8.2,-2.9,-13.5,1.0,54.0,0.0,0
2022-03-03,-8.2,-2.9,-13.5,0.0,54.0,0.0,0
2022-03-04,-14.4,-3.4,-25.4,0.0,54.0,7.0,1
2022-03-05,-14.4,-3.4,-25.4,7.0,47.0,6.4,1
2022-03-06,-14.4,-3.4,-25.4,6.4,62.0,0.0,0
2022-03-07,-4.3,-2.0,-6.6,0.0,50.0,0.0,0
2022-03-08,-4.0,1.9,-9.9,0.0,45.0,0.6,1
2022-03-09,-4.5,-1.7,-7.3,0.6,46.0,0.0,0
2022-03-10,-12.5,-6.4,-18.5,0.0,37.0,4.2,1
2022-03-11,-11.4,-2.6,-20.1,4.2,48.0,3.8,1
2022-03-12,-14.3,-9.2,-19.4,3.8,65.0,0.8,1
2022-03-13,-12.3,-3.2,-21.4,0.8,45.0,0.0,0
2022-03-14,-9.0,-1.4,-16.5,0.0,45.0,0.0,0
2022-03-15,-4.3,5.7,-14.3,0.0,32.0,0.0,0
2022-03-16,2.6,9.4,-4.2,0.0,32.0,0.0,0
2022-03-17,1.4,5.9,-3.2,0.0,49.0,0.2,1
2022-03-18,1.0,3.3,-1.4,0.2,49.0,7.7,1
2022-03-19,1.4,3.2,-0.5,7.7,36.0,0.0,0
2022-03-20,0.6,6.0,-4.8,0.0,33.0,0.0,0
2022-03-21,-2.0,1.9,-5.9,0.0,33.0,0.0,0
2022-03-22,-0.6,2.8,-3.9,0.0,48.0,6.0,1
2022-03-23,1.5,3.2,-0.3,6.0,61.0,4.0,1
2022-03-24,0.7,2.5,-1.2,4.0,61.0,0.0,0
2022-03-25,1.7,6.6,-3.2,0.0,36.0,2.0,1
2022-03-26,-4.8,0.7,-10.2,2.0,69.0,2.2,1
2022-03-27,-11.5,-8.8,-14.2,2.2,61.0,0.0,0
2022-03-28,-10.6,-7.1,-14.0,0.0,50.0,0.0,0
2022-03-29,-8.0,1.4,-17.4,0.0,39.0,9.6,1
2022-03-30,-1.4,0.3,-3.0,9.6,60.0,20.3,1
2022-03-31,-0.8,1.0,-2.5,20.3,63.0,0.0,0
2022-04-01,-5.1,-1.5,-8.7,0.0,44.0,2.2,1
2022-04-02,-4.4,1.4,-10.1,2.2,44.0,0.4,1
2022-04-03,0.5,2.1,-1.2,0.4,32.0,0.9,1
2022-04-04,1.6,4.7,-1.5,0.9,40.0,0.8,1
2022-04-05,2.7,5.3,0.1,0.8,35.0,44.3,1
2022-04-06,2.7,5.3,0.1,44.3,58.0,0.6,1
2022-04-07,2.7,5.3,0.1,0.6,58.0,3.0,1
2022-04-08,-0.5,1.8,-2.7,3.0,46.0,0.0,0
2022-04-09,-1.4,0.7,-3.4,0.0,43.0,0.0,0
2022-04-10,3.1,10.9,-4.7,0.0,34.0,2.2,1
2022-04-11,3.1,10.9,-4.7,2.2,52.0,9.6,1
2022-04-12,3.1,10.9,-4.7,9.6,38.0,13.7,1
2022-04-13,5.0,6.2,3.8,13.7,50.0,13.1,1
2022-04-14,2.9,5.1,0.6,13.1,61.0,1.4,1
2022-04-15,-0.8,1.2,-2.8,1.4,52.0,1.0,1
2022-04-16,-1.7,0.2,-3.6,1.0,50.0,0.0,0
2022-04-17,0.4,4.9,-4.1,0.0,50.0,2.6,1
2022-04-18,-0.2,2.0,-2.3,2.6,50.0,0.2,1
2022-04-19,1.6,4.7,-1.5,0.2,59.0,3.6,1
2022-04-20,1.8,8.2,-4.6,3.6,50.0,6.1,1
2022-04-21,3.0,5.7,0.2,6.1,58.0,0.0,0
2022-04-22,4.8,11.8,-2.3,0.0,34.0,12.6,1
2022-04-23,4.7,6.5,2.8,12.6,59.0,0.8,1
2022-04-24,9.5,13.8,5.2,0.8,46.0,0.4,1
2022-04-25,4.0,7.5,0.4,0.4,41.0,0.0,0
2022-04-26,-2.6,0.5,-5.7,0.0,49.0,0.0,0
2022-04-27,-2.4,2.3,-7.0,0.0,48.0,0.0,0
2022-04-28,2.3,10.4,-5.9,0.0,48.0,0.0,0
2022-04-29,5.1,13.8,-3.6,0.0,39.0,0.0,0
2022-04-30,6.2,15.2,-2.9,0.0,50.0,3.8,1
2022-05-01,7.9,10.6,5.2,3.8,53.0,1.4,1
2022-05-02,6.2,8.7,3.7,1.4,31.0,0.0,0
2022-05-03,4.6,8.0,1.1,0.0,42.0,0.0,0
2022-05-04,4.1,9.8,-1.6,0.0,38.0,0.0,0
2022-05-05,4.1,9.8,-1.6,0.0,38.0,0.0,0
2022-05-06,9.2,19.3,-0.9,0.0,42.0,0.0,0
2022-05-07,9.2,18.4,0.0,0.0,32.0,0.0,0
2022-05-08,8.8,18.5,-0.9,0.0,49.0,0.0,0
2022-05-09,14.0,20.3,7.6,0.0,79.0,0.0,0
2022-05-10,17.3,23.4,11.2,0.0,45.0,0.2,1
2022-05-11,18.4,26.7,10.0,0.2,45.0,4.1,1
2022-05-12,20.0,29.1,10.9,4.1,46.0,0.0,0
2022-05-13,22.4,30.9,13.8,0.0,47.0,1.6,1
2022-05-14,15.5,24.0,6.9,1.6,47.0,0.0,0
2022-05-15,13.1,21.9,4.2,0.0,45.0,0.0,0
2022-05-16,9.0,14.7,3.3,0.0,53.0,0.0,0
2022-05-17,4.0,9.4,-1.5,0.0,48.0,0.0,0
2022-05-18,8.2,19.3,-2.9,0.0,48.0,5.3,1
2022-05-19,11.9,16.6,7.1,5.3,48.0,21.0,1
2022-05-20,9.3,15.1,3.4,21.0,42.0,0.0,0
2022-05-21,6.5,9.4,3.5,0.0,48.0,1.2,1
2022-05-22,6.0,11.1,0.8,1.2,45.0,0.0,0
2022-05-23,6.4,14.6,-1.9,0.0,45.0,0.0,0
2022-05-24,9.3,19.3,-0.8,0.0,45.0,13.8,1
2022-05-25,9.5,16.5,2.4,13.8,40.0,14.7,1
2022-05-26,10.6,15.5,5.6,14.7,105.0,0.0,0
2022-05-27,10.6,15.3,5.8,0.0,48.0,0.0,0
2022-05-28,12.8,20.0,5.6,0.0,48.0,0.0,0
2022-05-29,16.9,22.3,11.5,0.0,38.0,0.0,0
2022-05-30,20.6,27.6,13.5,0.0,39.0,1.0,1
2022-05-31,21.7,30.1,13.3,1.0,48.0,0.0,0
2022-06-01,8.9,15.3,2.4,0.0,51.0,0.0,0
2022-06-02,13.2,22.0,4.3,0.0,51.0,1.0,1
2022-06-03,9.9,20.3,-0.6,1.0,63.0,0.0,0
2022-06-04,9.2,19.9,-1.5,0.0,45.0,0.0,0
2022-06-05,13.0,23.4,2.6,0.0,33.0,12.7,1
2022-06-06,11.3,13.8,8.7,12.7,40.0,0.0,0
2022-06-07,11.4,16.3,6.5,0.0,45.0,0.0,0
2022-06-08,12.7,22.0,3.4,0.0,33.0,0.0,0
2022-06-09,12.8,17.5,8.0,0.0,44.0,0.0,0
2022-06-10,12.0,20.4,3.6,0.0,44.0,6.5,1
2022-06-11,12.6,23.1,2.0,6.5,49.0,0.0,0
2022-06-12,8.8,16.1,1.5,0.0,36.0,0.0,0
2022-06-13,11.9,21.1,2.6,0.0,36.0,0.0,0
2022-06-14,17.2,24.8,9.6,0.0,43.0,13.7,1
2022-06-15,21.4,25.7,17.0,13.7,46.0,4.3,1
2022-06-16,18.4,24.2,12.6,4.3,55.0,0.0,0
2022-06-17,11.5,15.7,7.3,0.0,58.0,0.0,0
2022-06-18,10.7,16.8,4.5,0.0,51.0,6.2,1
2022-06-19,10.0,18.4,1.5,6.2,37.0,16.6,1
2022-06-20,15.6,20.4,10.7,16.6,33.0,0.0,0
2022-06-21,21.6,30.5,12.6,0.0,32.0,0.0,0
2022-06-22,13.6,20.2,7.0,0.0,50.0,0.0,0
2022-06-23,16.2,26.6,5.8,0.0,50.0,0.0,0
2022-06-24,21.5,30.3,12.7,0.0,32.0,0.0,0
2022-06-25,22.2,30.5,13.9,0.0,32.0,0.0,0
2022-06-26,17.3,21.7,12.8,0.0,58.0,0.4,1
2022-06-27,9.5,15.2,3.7,0.4,48.0,5.8,1
2022-06-28,12.6,21.3,3.8,5.8,40.0,0.0,0
2022-06-29,14.2,20.5,7.8,0.0,40.0,14.3,1
2022-06-30,18.2,24.9,11.5,14.3,59.0,0.0,0
2022-07-01,16.0,20.3,11.6,0.0,39.0,0.0,0
2022-07-02,12.1,18.7,5.5,0.0,45.0,0.0,0
2022-07-03,13.2,23.4,3.0,0.0,36.0,3.5,1
2022-07-04,15.6,19.1,12.0,3.5,36.0,0.0,0
2022-07-05,16.3,20.5,12.1,0.0,36.0,0.0,0
2022-07-06,14.8,20.9,8.7,0.0,36.0,0.0,0
2022-07-07,14.9,23.9,5.9,0.0,36.0,0.0,0
2022-07-08,15.5,21.9,9.1,0.0,42.0,0.0,0
2022-07-09,15.6,25.0,6.2,0.0,42.0,0.0,0
2022-07-10,16.6,26.1,7.0,0.0,35.0,0.0,0
2022-07-11,19.5,24.4,14.6,0.0,35.0,0.0,0
2022-07-12,15.1,19.0,11.1,0.0,42.0,0.0,0
2022-07-13,17.9,23.7,12.1,0.0,37.0,0.0,0
2022-07-14,14.7,22.7,6.6,0.0,31.0,0.0,0
2022-07-15,14.3,24.0,4.6,0.0,31.0,0.0,0
2022-07-16,17.6,28.8,6.4,0.0,31.0,0.0,0
2022-07-17,21.3,30.9,11.6,0.0,31.0,0.0,0
2022-07-18,22.0,31.9,12.0,0.0,31.0,0.3,1
2022-07-19,20.1,27.2,12.9,0.3,31.0,14.3,1
2022-07-20,20.3,24.7,15.8,14.3,48.0,2.6,1
2022-07-21,17.1,23.7,10.5,2.6,45.0,1.1,1
2022-07-22,18.7,27.9,9.5,1.1,34.0,0.0,0
2022-07-23,20.8,28.9,12.6,0.0,32.0,4.7,1
2022-07-24,17.6,22.4,12.7,4.7,53.0,0.0,0
2022-07-25,13.2,20.0,6.3,0.0,44.0,0.0,0
2022-07-26,15.8,26.0,5.5,0.0,44.0,36.1,1
2022-07-27,17.5,20.9,14.0,36.1,36.0,0.7,1
2022-07-28,16.6,19.1,14.0,0.7,46.0,0.0,0
2022-07-29,16.0,18.3,13.7,0.0,39.0,0.0,0
2022-07-30,19.3,26.2,12.4,0.0,39.0,0.0,0
2022-07-31,20.4,27.9,12.9,0.0,35.0,6.3,1
2022-08-01,17.0,21.3,12.7,6.3,46.0,2.8,1
2022-08-02,18.8,24.8,12.7,2.8,46.0,5.1,1
2022-08-03,21.7,26.9,16.4,5.1,51.0,0.0,0
2022-08-04,16.0,22.2,9.7,0.0,33.0,0.0,0
2022-08-05,18.4,26.5,10.3,0.0,33.0,4.6,1
2022-08-06,22.7,28.5,16.8,4.6,39.0,14.0,1
2022-08-07,16.1,19.7,12.5,14.0,34.0,7.5,1
2022-08-08,15.3,18.9,11.7,7.5,43.0,0.0,0
2022-08-09,17.5,25.2,9.7,0.0,43.0,0.0,0
2022-08-10,17.5,24.2,10.8,0.0,48.0,0.0,0
2022-08-11,13.9,19.8,8.0,0.0,42.0,0.0,0
2022-08-12,15.6,24.8,6.4,0.0,42.0,0.0,0
2022-08-13,15.7,24.1,7.3,0.0,42.0,0.0,0
2022-08-14,15.9,24.8,6.9,0.0,42.0,0.9,1
2022-08-15,18.4,26.9,9.8,0.9,42.0,0.0,0
2022-08-16,17.7,25.1,10.3,0.0,42.0,0.0,0
2022-08-17,18.4,26.9,9.8,0.0,42.0,3.1,1
2022-08-18,17.6,26.4,8.8,3.1,34.0,0.0,0
2022-08-19,20.4,27.5,13.2,0.0,34.0,2.5,1
2022-08-20,20.8,27.6,14.0,2.5,39.0,0.0,0
2022-08-21,18.2,23.0,13.3,0.0,38.0,0.0,0
2022-08-22,17.0,23.7,10.3,0.0,32.0,0.0,0
2022-08-23,17.5,23.8,11.1,0.0,32.0,0.7,1
2022-08-24,19.2,28.0,10.4,0.7,32.0,12.2,1
2022-08-25,16.2,18.6,13.8,12.2,32.0,0.0,0
2022-08-26,15.9,21.6,10.2,0.0,32.0,0.0,0
2022-08-27,18.1,26.3,9.9,0.0,32.0,19.9,1
2022-08-28,22.1,26.9,17.3,19.9,32.0,4.5,1
2022-08-29,21.2,24.9,17.5,4.5,44.0,0.5,1
2022-08-30,18.1,19.9,16.3,0.5,60.0,0.0,0
2022-08-31,13.2,18.7,7.6,0.0,63.0,0.0,0
2022-09-01,14.6,25.7,3.4,0.0,63.0,0.0,0
2022-09-02,20.5,27.9,13.1,0.0,49.0,1.5,1
2022-09-03,17.0,22.6,11.3,1.5,43.0,0.0,0
2022-09-04,11.6,18.6,4.6,0.0,39.0,0.0,0
2022-09-05,13.0,21.8,4.2,0.0,39.0,0.0,0
2022-09-06,14.5,24.1,4.9,0.0,45.0,0.0,0
2022-09-07,14.3,24.0,4.6,0.0,45.0,0.0,0
2022-09-08,16.8,26.7,6.9,0.0,45.0,0.0,0
2022-09-09,19.3,26.6,12.0,0.0,39.0,0.0,0
2022-09-10,15.4,18.9,11.8,0.0,31.0,0.5,1
2022-09-11,17.5,20.6,14.3,0.5,31.0,4.9,1
2022-09-12,17.4,19.5,15.3,4.9,31.0,0.9,1
2022-09-13,17.0,21.3,12.6,0.9,33.0,0.0,0
2022-09-14,11.4,17.6,5.1,0.0,35.0,22.0,1
2022-09-15,11.6,19.0,4.1,22.0,38.0,6.5,1
2022-09-16,15.4,16.7,14.1,6.5,36.0,4.7,1
2022-09-17,20.7,26.5,14.8,4.7,33.0,0.0,0
2022-09-18,20.4,23.7,17.1,0.0,50.0,0.0,0
2022-09-19,14.1,20.2,7.9,0.0,46.0,0.0,0
2022-09-20,16.7,25.3,8.0,0.0,46.0,10.8,1
2022-09-21,14.3,19.9,8.6,10.8,62.0,0.5,1
2022-09-22,6.4,11.4,1.4,0.5,58.0,0.0,0
2022-09-23,8.2,16.4,0.0,0.0,58.0,1.7,1
2022-09-24,10.3,14.5,6.1,1.7,58.0,10.3,1
2022-09-25,11.3,13.0,9.5,10.3,37.0,3.6,1
2022-09-26,12.7,15.0,10.4,3.6,43.0,0.5,1
2022-09-27,9.2,12.9,5.5,0.5,43.0,0.0,0
2022-09-28,5.6,11.7,-0.6,0.0,37.0,0.0,0
2022-09-29,8.1,17.3,-1.2,0.0,37.0,0.0,0
2022-09-30,10.4,19.5,1.3,0.0,37.0,0.0,0
2022-10-01,10.9,18.4,3.3,0.0,44.0,0.0,0
2022-10-02,6.8,14.1,-0.5,0.0,36.0,0.0,0
2022-10-03,9.1,19.6,-1.5,0.0,36.0,0.0,0
2022-10-04,12.3,20.3,4.2,0.0,36.0,0.0,0
2022-10-05,14.4,22.4,6.4,0.0,36.0,3.2,1
2022-10-06,9.0,14.9,3.0,3.2,52.0,0.0,0
2022-10-07,2.8,5.3,0.3,0.0,42.0,0.0,0
2022-10-08,6.9,11.0,2.8,0.0,43.0,0.0,0
2022-10-09,4.0,9.9,-1.9,0.0,36.0,0.0,0
2022-10-10,4.2,11.4,-3.1,0.0,36.0,0.0,0
2022-10-11,10.0,22.0,-2.0,0.0,32.0,16.1,1
2022-10-12,9.4,15.6,3.2,16.1,62.0,6.0,1
2022-10-13,7.5,10.3,4.6,6.0,39.0,2.9,1
2022-10-14,5.4,8.2,2.5,2.9,40.0,5.0,1
2022-10-15,5.8,7.9,3.7,5.0,54.0,2.5,1
2022-10-16,5.1,9.3,0.9,2.5,39.0,0.0,0
2022-10-17,4.8,8.3,1.2,0.0,58.0,3.4,1
2022-10-18,4.4,7.0,1.7,3.4,63.0,12.5,1
2022-10-19,1.6,3.3,-0.1,12.5,57.0,1.5,1
2022-10-20,3.0,6.5,-0.6,1.5,31.0,0.0,0
2022-10-21,9.1,17.7,0.4,0.0,45.0,0.0,0
2022-10-22,8.6,17.8,-0.6,0.0,33.0,0.0,0
2022-10-23,15.2,21.8,8.6,0.0,32.0,0.0,0
2022-10-24,15.3,18.2,12.4,0.0,35.0,15.1,1
2022-10-25,11.6,16.9,6.2,15.1,43.0,11.3,1
2022-10-26,5.6,7.1,4.1,11.3,59.0,0.0,0
2022-10-27,5.6,7.1,4.1,0.0,34.0,0.0,0
2022-10-28,5.9,12.8,-1.1,0.0,34.0,0.0,0
2022-10-29,6.8,16.3,-2.8,0.0,34.0,0.0,0
2022-10-30,7.7,16.3,-0.9,0.0,34.0,0.0,0
2022-10-31,7.7,16.3,-0.9,0.0,34.0,0.0,0
2022-11-01,7.7,16.3,-0.9,0.0,34.0,0.0,0
2022-11-02,7.7,16.3,-0.9,0.0,34.0,0.0,0
2022-11-03,12.3,20.3,4.2,0.0,41.0,13.1,1
2022-11-04,12.3,20.3,4.2,13.1,46.0,13.1,1
2022-11-05,12.3,20.3,4.2,13.1,71.0,13.1,1
2022-11-06,12.3,20.3,4.2,13.1,53.0,0.5,1
2022-11-07,12.3,20.3,4.2,0.5,64.0,0.0,0
2022-11-08,0.7,5.2,-3.9,0.0,33.0,20.8,1
2022-11-09,7.4,10.9,3.9,20.8,35.0,9.5,1
2022-11-10,14.5,20.0,9.0,9.5,44.0,2.2,1
2022-11-11,8.3,13.5,3.0,2.2,47.0,0.5,1
2022-11-12,-0.2,3.1,-3.5,0.5,36.0,0.0,0
2022-11-13,-2.8,-0.7,-4.8,0.0,34.0,0.0,0
2022-11-14,-1.6,1.6,-4.7,0.0,34.0,0.3,1
2022-11-15,-2.4,-0.5,-4.2,0.3,35.0,0.0,0
2022-11-16,-3.8,-1.5,-6.1,0.0,35.0,0.0,0
2022-11-17,-5.0,-1.6,-8.3,0.0,35.0,0.0,0
2022-11-18,-5.0,-0.8,-9.2,0.0,42.0,8.1,1
2022-11-19,-5.0,-0.8,-9.2,8.1,72.0,8.4,1
2022-11-20,-7.0,-2.6,-11.4,8.4,46.0,0.0,0
2022-11-21,-0.8,1.2,-2.7,0.0,68.0,0.2,1
2022-11-22,-0.5,1.4,-2.3,0.2,68.0,0.0,0
2022-11-23,0.8,5.1,-3.6,0.0,68.0,1.9,1
2022-11-24,1.9,7.9,-4.2,1.9,53.0,0.0,0
2022-11-25,0.1,4.1,-4.0,0.0,59.0,0.0,0
2022-11-26,3.7,10.1,-2.7,0.0,50.0,0.0,0
2022-11-27,1.8,4.9,-1.4,0.0,50.0,0.0,0
2022-11-28,-2.0,2.1,-6.0,0.0,31.0,10.8,1
2022-11-29,4.8,7.4,2.1,10.8,70.0,3.9,1
2022-11-30,2.0,8.2,-4.2,3.9,86.0,0.4,1
2022-12-01,-1.3,-0.4,-2.2,0.4,82.0,0.0,0
2022-12-02,1.3,4.0,-1.4,0.0,82.0,10.9,1
2022-12-03,-1.6,4.7,-7.9,10.9,90.0,0.0,0
2022-12-04,-3.1,2.1,-8.2,0.0,55.0,0.0,0
2022-12-05,0.6,2.4,-1.3,0.0,49.0,0.0,0
2022-12-06,-2.8,0.0,-5.5,0.0,49.0,1.5,1
2022-12-07,-2.8,1.6,-7.2,1.5,40.0,0.0,0
2022-12-08,-8.1,-4.2,-12.0,0.0,40.0,0.0,0
2022-12-09,-7.3,-2.2,-12.3,0.0,35.0,0.0,0
2022-12-10,-6.8,-3.1,-10.5,0.0,36.0,1.2,1
2022-12-11,-4.5,0.3,-9.3,1.2,36.0,0.0,0
2022-12-12,-9.2,-3.8,-14.5,0.0,36.0,0.0,0
2022-12-13,-7.5,-2.8,-12.2,0.0,39.0,0.0,0
2022-12-14,-2.7,0.2,-5.5,0.0,59.0,7.0,1
2022-12-15,0.1,1.3,-1.1,7.0,68.0,0.6,1
2022-12-16,0.3,1.3,-0.8,0.6,68.0,3.9,1
2022-12-17,-3.0,-0.7,-5.3,3.9,68.0,4.5,1
2022-12-18,-4.9,0.0,-9.8,4.5,56.0,0.2,1
2022-12-19,-4.1,-3.1,-5.1,0.2,46.0,1.6,1
2022-12-20,-6.3,-1.9,-10.6,1.6,50.0,0.0,0
2022-12-21,-10.0,-7.3,-12.6,0.0,44.0,7.3,1
2022-12-22,-3.7,0.3,-7.7,7.3,43.0,18.0,1
2022-12-23,-3.5,0.1,-7.1,18.0,66.0,26.4,1
2022-12-24,-7.2,-6.2,-8.1,26.4,83.0,12.2,1
2022-12-25,-6.2,-4.7,-7.7,12.2,72.0,5.8,1
2022-12-26,-6.4,-4.8,-8.0,5.8,50.0,4.0,1
2022-12-27,-5.9,-4.1,-7.6,4.0,45.0,4.2,1
2022-12-28,-1.4,1.7,-4.5,4.2,32.0,0.2,1
2022-12-29,3.4,5.8,1.0,0.2,32.0,0.2,1
2022-12-30,4.7,9.3,0.0,0.2,41.0,0.0,0
2022-12-31,0.3,1.0,-0.5,0.0,41.0,1.4,1
2023-01-01,0.7,1.7,-0.4,1.4,31.0,0.0,0
2023-01-02,0.8,1.8,-0.2,0.0,33.0,6.2,1
2023-01-03,0.4,1.8,-1.0,6.2,33.0,6.6,1
2023-01-04,-2.2,0.8,-5.2,6.6,46.0,1.2,1
2023-01-05,-5.0,-3.9,-6.1,1.2,44.0,0.2,1
2023-01-06,-5.9,-1.2,-10.5,0.2,32.0,0.0,0
2023-01-07,-10.0,-7.2,-12.8,0.0,32.0,0.0,0
2023-01-08,-4.7,-0.9,-8.4,0.0,36.0,0.0,0
2023-01-09,-2.0,-0.1,-3.9,0.0,53.0,0.0,0
2023-01-10,-6.8,-3.8,-9.7,0.0,39.0,6.3,1
2023-01-11,-4.1,-1.1,-7.1,6.3,42.0,0.0,0
2023-01-12,-2.8,1.0,-6.6,0.0,37.0,0.0,0
2023-01-13,-11.2,-6.6,-15.8,0.0,42.0,0.0,0
2023-01-14,-14.4,-5.4,-23.4,0.0,42.0,0.0,0
2023-01-15,-14.4,-5.4,-23.4,0.0,35.0,1.3,1
2023-01-16,0.7,2.7,-1.3,1.3,45.0,6.9,1
2023-01-17,1.2,1.7,0.7,6.9,45.0,0.0,0
2023-01-18,-1.1,1.9,-4.0,0.0,39.0,12.4,1
2023-01-19,-4.5,-1.6,-7.4,12.4,48.0,0.0,0
2023-01-20,-9.5,-4.6,-14.3,0.0,48.0,0.0,0
2023-01-21,-4.6,-3.7,-5.5,0.0,31.0,0.0,0
2023-01-22,-4.6,-2.4,-6.8,0.0,31.0,1.2,1
2023-01-23,-3.7,-1.1,-6.2,1.2,45.0,0.6,1
2023-01-24,-3.0,-1.2,-4.8,0.6,62.0,0.8,1
2023-01-25,-4.3,-1.2,-7.4,0.8,62.0,0.6,1
2023-01-26,-10.7,-4.5,-16.9,0.6,62.0,4.2,1
2023-01-27,-10.9,-2.2,-19.5,4.2,64.0,0.8,1
2023-01-28,-7.5,-4.2,-10.8,0.8,66.0,2.4,1
2023-01-29,-8.9,-6.8,-10.9,2.4,37.0,2.8,1
2023-01-30,-11.7,-8.4,-15.0,2.8,53.0,0.0,0
2023-01-31,-13.3,-7.2,-19.4,0.0,39.0,0.0,0
2023-02-01,-11.4,-6.8,-16.0,0.0,35.0,3.5,1
2023-02-02,-14.2,-5.7,-22.6,3.5,72.0,2.6,1
2023-02-03,-19.8,-13.9,-25.6,2.6,48.0,2.6,1
2023-02-04,-10.9,-4.2,-17.5,2.6,48.0,0.0,0
2023-02-05,-9.3,-2.8,-15.8,0.0,49.0,0.0,0
2023-02-06,-7.0,-2.8,-11.1,0.0,40.0,9.4,1
2023-02-07,-0.3,2.4,-2.9,9.4,51.0,0.0,0
2023-02-08,-2.1,6.0,-10.2,0.0,38.0,3.7,1
2023-02-09,-2.0,2.3,-6.2,3.7,37.0,1.0,1
2023-02-10,-2.4,0.8,-5.6,1.0,57.0,0.0,0
2023-02-11,-3.9,3.5,-11.2,0.0,63.0,0.0,0
2023-02-12,-2.5,4.8,-9.8,0.0,63.0,0.0,0
2023-02-13,-3.4,2.8,-9.5,0.0,41.0,5.5,1
2023-02-14,-0.1,9.0,-9.2,5.5,31.0,5.9,1
2023-02-15,-1.0,5.4,-7.3,5.9,83.0,0.0,0
2023-02-16,-8.0,-5.2,-10.8,0.0,51.0,0.0,0
2023-02-17,-11.5,-4.2,-18.7,0.0,31.0,0.0,0
2023-02-18,-3.0,-0.3,-5.7,0.0,39.0,0.2,1
2023-02-19,-0.4,4.5,-5.2,0.2,51.0,0.3,1
2023-02-20,-6.9,-3.6,-10.1,0.3,60.0,2.8,1
2023-02-21,-4.6,-1.8,-7.4,2.8,62.0,0.0,0
2023-02-22,-8.0,-4.8,-11.1,0.0,41.0,6.8,1
2023-02-23,-13.9,-8.9,-18.8,6.8,53.0,0.0,0
2023-02-24,-21.0,-12.8,-29.2,0.0,53.0,2.2,1
2023-02-25,-8.5,-2.1,-14.8,2.2,41.0,1.0,1
2023-02-26,-9.5,-3.6,-15.3,1.0,47.0,4.8,1
2023-02-27,-10.8,-4.3,-17.3,4.8,52.0,2.0,1
2023-02-28,-5.5,1.6,-12.5,2.0,42.0,0.0,0
2023-03-01,-3.8,3.5,-11.0,0.0,42.0,0.2,1
2023-03-02,-8.0,0.1,-16.1,0.2,42.0,0.0,0
2023-03-03,-6.8,1.4,-14.9,0.0,35.0,0.0,0
2023-03-04,-4.4,4.0,-12.7,0.0,35.0,0.0,0
2023-03-05,-0.3,4.0,-4.5,0.0,35.0,0.0,0
2023-03-06,0.2,4.0,-3.6,0.0,53.0,0.0,0
2023-03-07,-3.8,1.8,-9.4,0.0,38.0,0.0,0
2023-03-08,-6.4,-0.4,-12.3,0.0,35.0,0.0,0
2023-03-09,-6.3,-0.4,-12.1,0.0,34.0,0.0,0
2023-03-10,-3.3,0.4,-6.9,0.0,37.0,0.0,0
2023-03-11,-8.7,-4.0,-13.3,0.0,37.0,0.0,0
2023-03-12,-5.4,-3.0,-7.7,0.0,34.0,0.2,1
2023-03-13,-6.6,-2.6,-10.5,0.2,39.0,0.0,0
2023-03-14,-10.2,-4.4,-16.0,0.0,37.0,0.0,0
2023-03-15,-5.9,4.8,-16.5,0.0,35.0,1.1,1
2023-03-16,3.6,6.9,0.2,1.1,35.0,9.7,1
2023-03-17,-4.0,1.8,-9.7,9.7,73.0,2.8,1
2023-03-18,-8.8,-7.1,-10.5,2.8,55.0,0.0,0
2023-03-19,-3.6,2.3,-9.4,0.0,51.0,0.0,0
2023-03-20,-2.5,0.7,-5.7,0.0,37.0,0.0,0
2023-03-21,-4.1,0.7,-8.8,0.0,32.0,0.6,1
2023-03-22,0.2,2.8,-2.4,0.6,43.0,0.0,0
2023-03-23,-1.7,1.3,-4.6,0.0,57.0,0.0,0
2023-03-24,-3.6,3.8,-10.9,0.0,57.0,5.2,1
2023-03-25,-1.5,0.7,-3.7,5.2,46.0,0.0,0
2023-03-26,-0.6,2.5,-3.7,0.0,42.0,0.0,0
2023-03-27,-1.8,2.7,-6.3,0.0,36.0,0.0,0
2023-03-28,-2.6,2.4,-7.6,0.0,40.0,2.3,1
2023-03-29,-5.1,-1.0,-9.1,2.3,68.0,0.0,0
2023-03-30,-5.5,1.8,-12.7,0.0,39.0,3.1,1
2023-03-31,-0.2,2.5,-2.8,3.1,41.0,23.2,1
2023-04-01,-2.4,2.1,-6.8,23.2,60.0,1.4,1
2023-04-02,-5.1,3.9,-14.1,1.4,36.0,0.2,1
2023-04-03,1.3,5.4,-2.9,0.2,42.0,0.5,1
2023-04-04,1.0,4.5,-2.5,0.5,62.0,13.5,1
2023-04-05,1.7,4.1,-0.8,13.5,62.0,2.0,1
2023-04-06,-1.0,2.3,-4.2,2.0,62.0,0.0,0
2023-04-07,-4.1,0.0,-8.2,0.0,50.0,0.0,0
2023-04-08,-1.3,6.2,-8.7,0.0,50.0,0.0,0
2023-04-09,2.5,6.5,-1.6,0.0,35.0,0.0,0
2023-04-10,6.7,12.8,0.6,0.0,51.0,0.0,0
2023-04-11,6.1,11.5,0.6,0.0,37.0,0.0,0
2023-04-12,10.7,20.6,0.8,0.0,37.0,0.0,0
2023-04-13,12.9,24.0,1.7,0.0,37.0,0.0,0
2023-04-14,11.8,20.3,3.2,0.0,35.0,0.4,1
2023-04-15,14.2,26.2,2.2,0.4,35.0,7.3,1
2023-04-16,12.4,20.3,4.5,7.3,43.0,1.7,1
2023-04-17,2.5,5.8,-0.8,1.7,58.0,0.2,1
2023-04-18,-1.0,0.7,-2.6,0.2,62.0,0.0,0
2023-04-19,0.2,3.7,-3.3,0.0,40.0,4.3,1
2023-04-20,0.6,4.0,-2.8,4.3,51.0,0.0,0
2023-04-21,7.5,11.5,3.4,0.0,42.0,7.7,1
2023-04-22,4.5,8.6,0.4,7.7,34.0,8.2,1
2023-04-23,0.9,2.4,-0.6,8.2,42.0,4.1,1
2023-04-24,1.9,4.5,-0.7,4.1,33.0,1.3,1
2023-04-25,2.3,4.1,0.4,1.3,45.0,0.0,0
2023-04-26,1.3,6.4,-3.8,0.0,33.0,0.2,1
2023-04-27,1.9,6.9,-3.2,0.2,38.0,0.0,0
2023-04-28,10.8,17.4,4.1,0.0,36.0,0.0,0
2023-04-29,8.5,10.8,6.2,0.0,31.0,9.0,1
2023-04-30,7.3,11.6,3.0,9.0,50.0,14.8,1
2023-05-01,3.2,5.0,1.4,14.8,59.0,1.9,1
2023-05-02,5.1,9.7,0.5,1.9,54.0,0.0,0
2023-05-03,4.1,6.9,1.3,0.0,52.0,0.0,0
2023-05-04,8.2,17.1,-0.7,0.0,45.0,8.2,1
2023-05-05,7.8,11.2,4.4,8.2,37.0,6.0,1
2023-05-06,10.8,14.1,7.4,6.0,33.0,13.8,1
2023-05-07,10.0,15.5,4.5,13.8,32.0,0.0,0
2023-05-08,9.1,16.6,1.6,0.0,32.0,0.0,0
2023-05-09,10.2,19.0,1.4,0.0,32.0,0.0,0
2023-05-10,11.9,23.0,0.8,0.0,32.0,0.3,1
2023-05-11,15.7,25.9,5.5,0.3,32.0,0.0,0
2023-05-12,15.5,24.1,6.8,0.0,32.0,0.0,0
2023-05-13,12.1,19.8,4.3,0.0,35.0,0.0,0
2023-05-14,10.6,16.4,4.8,0.0,31.0,0.0,0
2023-05-15,9.9,20.3,-0.6,0.0,33.0,0.0,0
2023-05-16,8.7,16.7,0.6,0.0,48.0,0.0,0
2023-05-17,4.1,11.7,-3.5,0.0,48.0,0.0,0
2023-05-18,7.1,15.2,-1.1,0.0,40.0,4.4,1
2023-05-19,8.9,12.5,5.2,4.4,33.0,1.5,1
2023-05-20,10.8,16.2,5.3,1.5,47.0,0.0,0
2023-05-21,10.3,14.4,6.1,0.0,37.0,0.0,0
2023-05-22,12.2,20.2,4.2,0.0,37.0,0.4,1
2023-05-23,16.4,25.3,7.4,0.4,40.0,0.0,0
2023-05-24,6.7,14.0,-0.6,0.0,46.0,0.0,0
2023-05-25,7.2,17.1,-2.7,0.0,46.0,0.0,0
2023-05-26,11.0,23.5,-1.6,0.0,46.0,0.0,0
2023-05-27,13.3,26.7,-0.1,0.0,46.0,0.0,0
2023-05-28,14.4,27.9,0.9,0.0,46.0,0.0,0
2023-05-29,16.9,30.2,3.5,0.0,46.0,0.0,0
2023-05-30,19.6,30.6,8.5,0.0,46.0,0.0,0
2023-05-31,22.4,31.8,12.9,0.0,46.0,0.0,0
2023-06-01,22.7,31.9,13.4,0.0,46.0,0.0,0
2023-06-02,19.5,28.5,10.5,0.0,32.0,0.0,0
2023-06-03,18.9,28.0,9.8,0.0,32.0,0.2,1
2023-06-04,17.1,26.8,7.4,0.2,32.0,0.0,0
2023-06-05,19.3,26.0,12.5,0.0,39.0,0.0,0
2023-06-06,13.2,20.7,5.7,0.0,41.0,0.0,0
2023-06-07,11.2,18.0,4.4,0.0,52.0,0.0,0
2023-06-08,13.0,18.4,7.6,0.0,36.0,0.0,0
2023-06-09,15.5,22.4,8.5,0.0,38.0,0.0,0
2023-06-10,11.8,17.6,5.9,0.0,34.0,0.0,0
2023-06-11,10.4,14.7,6.0,0.0,36.0,27.9,1
2023-06-12,10.4,12.1,8.7,27.9,42.0,8.1,1
2023-06-13,11.7,14.7,8.7,8.1,33.0,0.0,0
2023-06-14,11.2,16.5,5.9,0.0,33.0,10.0,1
2023-06-15,10.7,13.2,8.1,10.0,33.0,0.0,0
2023-06-16,11.7,17.2,6.1,0.0,45.0,0.0,0
2023-06-17,13.1,19.8,6.4,0.0,31.0,0.0,0
2023-06-18,16.0,27.6,4.3,0.0,31.0,0.0,0
2023-06-19,18.1,27.0,9.2,0.0,31.0,0.0,0
2023-06-20,17.8,29.0,6.6,0.0,32.0,0.0,0
2023-06-21,19.4,29.0,9.8,0.0,31.0,0.0,0
2023-06-22,19.7,30.2,9.1,0.0,31.0,0.0,0
2023-06-23,21.3,30.6,11.9,0.0,31.0,0.0,0
2023-06-24,20.7,27.8,13.6,0.0,31.0,5.8,1
2023-06-25,20.4,24.2,16.6,5.8,39.0,2.9,1
2023-06-26,19.0,22.6,15.4,2.9,34.0,0.6,1
2023-06-27,15.1,20.0,10.2,0.6,42.0,0.0,0
2023-06-28,15.6,25.7,5.5,0.0,42.0,0.0,0
2023-06-29,19.7,24.9,14.5,0.0,36.0,19.5,1
2023-06-30,15.5,22.6,8.3,19.5,36.0,2.3,1
2023-07-01,17.1,26.6,7.5,2.3,37.0,0.0,0
2023-07-02,14.9,19.0,10.8,0.0,33.0,0.0,0
2023-07-03,18.0,25.5,10.5,0.0,31.0,0.0,0
2023-07-04,20.2,30.9,9.4,0.0,39.0,6.5,1
2023-07-05,19.5,26.5,12.5,6.5,40.0,0.0,0
2023-07-06,14.4,19.6,9.2,0.0,46.0,0.0,0
2023-07-07,17.7,24.6,10.8,0.0,36.0,0.0,0
2023-07-08,15.8,21.5,10.1,0.0,36.0,0.0,0
2023-07-09,16.1,24.4,7.8,0.0,36.0,21.4,1
2023-07-10,19.9,25.6,14.2,21.4,74.0,0.0,0
2023-07-11,13.2,18.0,8.4,0.0,42.0,0.0,0
2023-07-12,15.6,22.4,8.8,0.0,42.0,0.0,0
2023-07-13,16.2,24.3,8.1,0.0,42.0,0.4,1
2023-07-14,15.2,22.8,7.6,0.4,42.0,2.8,1
2023-07-15,20.2,25.7,14.7,2.8,42.0,3.3,1
2023-07-16,16.9,22.1,11.6,3.3,36.0,1.1,1
2023-07-17,14.5,19.5,9.4,1.1,38.0,2.9,1
2023-07-18,15.6,20.9,10.2,2.9,38.0,0.6,1
2023-07-19,16.0,24.1,7.8,0.6,38.0,21.1,1
2023-07-20,16.8,19.0,14.6,21.1,37.0,0.0,0
2023-07-21,17.1,22.0,12.1,0.0,36.0,0.0,0
2023-07-22,17.3,26.3,8.3,0.0,36.0,0.0,0
2023-07-23,18.3,25.7,10.8,0.0,36.0,0.0,0
2023-07-24,16.7,23.2,10.1,0.0,36.0,0.0,0
2023-07-25,16.8,26.1,7.4,0.0,36.0,15.1,1
2023-07-26,19.0,23.1,14.9,15.1,35.0,6.3,1
2023-07-27,21.9,27.9,15.8,6.3,46.0,0.7,1
2023-07-28,19.0,24.2,13.8,0.7,44.0,0.0,0
2023-07-29,17.6,22.5,12.7,0.0,41.0,0.0,0
2023-07-30,17.5,23.2,11.7,0.0,44.0,0.0,0
2023-07-31,15.8,22.6,8.9,0.0,44.0,0.0,0
2023-08-01,16.2,25.3,7.0,0.0,44.0,0.0,0
2023-08-02,19.8,27.0,12.6,0.0,38.0,0.4,1
2023-08-03,21.0,26.4,15.5,0.4,40.0,0.0,0
2023-08-04,17.6,24.3,10.9,0.0,36.0,0.0,0
2023-08-05,16.5,25.6,7.3,0.0,36.0,0.0,0
2023-08-06,17.4,26.5,8.3,0.0,31.0,0.0,0
2023-08-07,17.9,25.7,10.0,0.0,39.0,0.0,0
2023-08-08,18.3,26.3,10.2,0.0,39.0,4.5,1
2023-08-09,16.8,24.6,9.0,4.5,33.0,0.0,0
2023-08-10,15.0,21.7,8.2,0.0,47.0,0.2,1
2023-08-11,16.1,20.6,11.6,0.2,47.0,3.3,1
2023-08-12,17.3,18.7,15.8,3.3,50.0,0.0,0
2023-08-13,17.0,19.9,14.1,0.0,32.0,0.0,0
2023-08-14,18.7,24.9,12.5,0.0,32.0,0.0,0
2023-08-15,16.8,24.0,9.6,0.0,34.0,0.3,1
2023-08-16,19.9,26.8,12.9,0.3,37.0,31.3,1
2023-08-17,17.5,20.9,14.0,31.3,71.0,0.0,0
2023-08-18,13.9,20.2,7.6,0.0,60.0,0.0,0
2023-08-19,15.8,25.7,5.9,0.0,39.0,0.0,0
2023-08-20,18.5,23.5,13.4,0.0,44.0,0.0,0
2023-08-21,15.1,20.6,9.5,0.0,44.0,3.9,1
2023-08-22,17.1,23.3,10.9,3.9,44.0,11.2,1
2023-08-23,15.3,16.9,13.6,11.2,40.0,0.0,0
2023-08-24,17.6,20.6,14.6,0.0,40.0,18.4,1
2023-08-25,20.3,24.6,15.9,18.4,41.0,0.0,0
2023-08-26,14.5,20.7,8.2,0.0,36.0,0.0,0
2023-08-27,13.0,21.2,4.7,0.0,36.0,0.0,0
2023-08-28,14.3,23.6,5.0,0.0,36.0,23.5,1
2023-08-29,14.1,20.8,7.4,23.5,43.0,0.0,0
2023-08-30,10.4,16.6,4.1,0.0,48.0,0.0,0
2023-08-31,14.2,23.7,4.6,0.0,48.0,0.0,0
2023-09-01,15.2,23.5,6.8,0.0,38.0,0.0,0
2023-09-02,20.7,27.6,13.8,0.0,37.0,0.0,0
2023-09-03,20.6,27.9,13.2,0.0,37.0,0.0,0
2023-09-04,20.6,27.9,13.2,0.0,37.0,0.0,0
2023-09-05,23.6,31.7,15.4,0.0,37.0,7.8,1
2023-09-06,17.9,22.1,13.6,7.8,37.0,0.0,0
2023-09-07,10.9,16.0,5.7,0.0,34.0,0.0,0
2023-09-08,10.3,16.8,3.7,0.0,34.0,0.0,0
2023-09-09,12.3,20.4,4.2,0.0,34.0,1.4,1
2023-09-10,11.0,17.1,4.8,1.4,34.0,7.5,1
2023-09-11,13.5,15.9,11.0,7.5,34.0,0.4,1
2023-09-12,11.5,17.0,6.0,0.4,37.0,0.0,0
2023-09-13,9.6,16.4,2.7,0.0,34.0,0.0,0
2023-09-14,10.1,18.9,1.2,0.0,34.0,0.0,0
2023-09-15,12.9,22.2,3.6,0.0,38.0,0.0,0
2023-09-16,17.5,23.0,11.9,0.0,32.0,0.0,0
2023-09-17,12.4,17.4,7.4,0.0,39.0,0.0,0
2023-09-18,9.6,16.1,3.1,0.0,38.0,0.0,0
2023-09-19,10.1,19.5,0.6,0.0,38.0,0.0,0
2023-09-20,14.7,22.3,7.1,0.0,33.0,0.0,0
2023-09-21,18.2,25.1,11.3,0.0,33.0,0.0,0
2023-09-22,19.7,25.7,13.7,0.0,33.0,0.0,0
2023-09-23,19.7,25.7,13.7,0.0,35.0,0.0,0
2023-09-24,16.0,23.6,8.4,0.0,36.0,0.0,0
2023-09-25,17.1,24.4,9.7,0.0,36.0,0.0,0
2023-09-26,16.5,21.6,11.4,0.0,40.0,0.0,0
2023-09-27,15.7,20.6,10.8,0.0,39.0,0.0,0
2023-09-28,14.4,21.2,7.5,0.0,36.0,0.0,0
2023-09-29,13.4,19.8,6.9,0.0,36.0,3.4,1
2023-09-30,14.5,20.5,8.4,3.4,36.0,0.8,1
2023-10-01,18.2,20.6,15.7,0.8,36.0,4.1,1
2023-10-02,18.8,27.3,10.3,4.1,37.0,0.0,0
2023-10-03,18.4,28.0,8.8,0.0,37.0,0.3,1
2023-10-04,20.0,26.1,13.9,0.3,37.0,2.1,1
2023-10-05,14.8,20.7,8.8,2.1,31.0,0.9,1
2023-10-06,10.7,15.2,6.2,0.9,39.0,0.0,0
2023-10-07,8.0,10.7,5.3,0.0,49.0,0.2,1
2023-10-08,6.5,9.2,3.8,0.2,64.0,1.9,1
2023-10-09,6.0,7.7,4.3,1.9,61.0,3.1,1
2023-10-10,6.6,10.9,2.3,3.1,46.0,4.1,1
2023-10-11,6.2,11.8,0.6,4.1,37.0,0.0,0
2023-10-12,5.8,13.1,-1.5,0.0,36.0,0.0,0
2023-10-13,7.8,15.0,0.6,0.0,31.0,0.0,0
2023-10-14,9.7,14.2,5.2,0.0,39.0,0.0,0
2023-10-15,7.6,11.0,4.1,0.0,45.0,0.0,0
2023-10-16,5.9,10.3,1.5,0.0,41.0,0.0,0
2023-10-17,3.9,10.2,-2.4,0.0,41.0,0.3,1
2023-10-18,8.6,15.1,2.1,0.3,41.0,16.5,1
2023-10-19,11.5,13.1,9.9,16.5,41.0,6.2,1
2023-10-20,8.3,11.1,5.4,6.2,34.0,0.0,0
2023-10-21,5.6,10.3,0.8,0.0,37.0,0.0,0
2023-10-22,2.6,7.6,-2.4,0.0,44.0,0.0,0
2023-10-23,3.6,10.8,-3.7,0.0,44.0,11.0,1
2023-10-24,12.1,16.5,7.6,11.0,44.0,5.5,1
2023-10-25,11.4,14.2,8.5,5.5,32.0,13.8,1
2023-10-26,11.3,13.7,8.9,13.8,32.0,1.6,1
2023-10-27,10.8,15.3,6.3,1.6,58.0,1.0,1
2023-10-28,4.0,6.3,1.6,1.0,62.0,1.0,1
2023-10-29,4.0,6.3,1.6,1.0,36.0,10.3,1
2023-10-30,0.3,3.0,-2.5,10.3,50.0,0.2,1
2023-10-31,-1.6,2.5,-5.7,0.2,33.0,0.4,1
2023-11-01,-0.2,4.2,-4.5,0.4,39.0,0.0,0
2023-11-02,4.6,8.3,0.9,0.0,31.0,0.0,0
2023-11-03,3.6,9.5,-2.4,0.0,39.0,0.0,0
2023-11-04,2.6,7.1,-1.9,0.0,39.0,2.3,1
2023-11-05,3.6,4.9,2.2,2.3,39.0,25.3,1
2023-11-06,6.9,10.1,3.6,25.3,55.0,0.0,0
2023-11-07,0.4,3.8,-3.1,0.0,32.0,12.6,1
2023-11-08,-1.4,0.5,-3.2,12.6,41.0,2.6,1
2023-11-09,3.8,8.1,-0.6,2.6,58.0,0.5,1
2023-11-10,2.3,5.1,-0.6,0.5,48.0,0.0,0
2023-11-11,-0.7,4.8,-6.2,0.0,48.0,1.3,1
2023-11-12,4.6,9.0,0.2,1.3,53.0,0.2,1
2023-11-13,5.0,7.2,2.7,0.2,70.0,0.0,0
2023-11-14,5.3,9.1,1.5,0.0,36.0,0.0,0
2023-11-15,2.6,10.7,-5.5,0.0,42.0,0.0,0
2023-11-16,5.8,15.8,-4.3,0.0,69.0,0.0,0
2023-11-17,2.4,5.9,-1.2,0.0,65.0,0.0,0
2023-11-18,2.9,9.0,-3.3,0.0,50.0,0.0,0
2023-11-19,-0.9,4.7,-6.5,0.0,58.0,0.0,0
2023-11-20,-1.6,3.3,-6.4,0.0,31.0,2.4,1
2023-11-21,-0.1,1.6,-1.7,2.4,33.0,0.5,1
2023-11-22,1.3,3.7,-1.1,0.5,45.0,1.4,1
2023-11-23,-0.8,3.1,-4.7,1.4,63.0,1.5,1
2023-11-24,-2.7,-0.1,-5.3,1.5,67.0,0.0,0
2023-11-25,-1.9,2.5,-6.3,0.0,34.0,7.8,1
2023-11-26,-1.4,0.0,-2.7,7.8,36.0,9.2,1
2023-11-27,-5.4,-0.9,-9.8,9.2,68.0,2.3,1
2023-11-28,-7.8,-3.3,-12.3,2.3,57.0,1.8,1
2023-11-29,-2.7,1.7,-7.1,1.8,39.0,0.0,0
2023-11-30,1.7,4.3,-0.9,0.0,52.0,0.2,1
2023-12-01,-2.3,1.3,-5.9,0.2,52.0,0.0,0
2023-12-02,-3.7,1.1,-8.5,0.0,52.0,0.0,0
2023-12-03,-4.9,-0.4,-9.4,0.0,35.0,0.0,0
2023-12-04,-6.4,-0.9,-11.8,0.0,32.0,0.0,0
2023-12-05,-3.7,-0.6,-6.8,0.0,32.0,1.6,1
2023-12-06,-5.3,0.0,-10.5,1.6,32.0,0.0,0
2023-12-07,1.3,3.3,-0.8,0.0,32.0,0.0,0
2023-12-08,3.6,6.0,1.1,0.0,46.0,13.9,1
2023-12-09,5.8,8.6,3.0,13.9,65.0,5.0,1
2023-12-10,-0.4,3.3,-4.0,5.0,49.0,0.0,0
2023-12-11,-3.0,0.2,-6.2,0.0,49.0,10.4,1
2023-12-12,-2.2,0.2,-4.5,10.4,66.0,1.6,1
2023-12-13,-5.2,-0.9,-9.4,1.6,45.0,0.0,0
2023-12-14,-1.5,7.1,-10.1,0.0,35.0,3.9,1
2023-12-15,1.9,6.6,-2.8,3.9,39.0,2.6,1
2023-12-16,3.3,4.9,1.6,2.6,37.0,4.0,1
2023-12-17,3.8,5.7,1.8,4.0,33.0,1.0,1
2023-12-18,-3.5,2.0,-8.9,1.0,62.0,0.0,0
2023-12-19,-5.1,1.0,-11.1,0.0,46.0,0.0,0
2023-12-20,-1.9,1.5,-5.2,0.0,40.0,0.0,0
2023-12-21,-4.3,-1.9,-6.7,0.0,40.0,0.2,1
2023-12-22,-0.7,0.8,-2.1,0.2,40.0,0.0,0
2023-12-23,1.2,2.0,0.3,0.0,40.0,0.0,0
2023-12-24,2.9,4.3,1.4,0.0,33.0,0.0,0
2023-12-25,5.2,6.4,4.0,0.0,31.0,3.5,1
2023-12-26,5.5,6.4,4.5,3.5,35.0,0.2,1
2023-12-27,4.2,5.4,3.0,0.2,35.0,0.0,0
2023-12-28,3.3,5.7,0.9,0.0,35.0,0.0,0
2023-12-29,-0.3,3.8,-4.3,0.0,33.0,0.0,0
2023-12-30,-1.7,-0.9,-2.4,0.0,33.0,0.0,0
2023-12-31,-5.6,-2.0,-9.2,0.0,33.0,0.0,0
2024-01-01,-4.5,-1.2,-7.7,0.0,33.0,0.2,1
2024-01-02,-1.5,-0.1,-2.9,0.2,40.0,0.8,1
2024-01-03,-5.7,0.6,-11.9,0.8,55.0,1.4,1
2024-01-04,-7.2,-3.0,-11.4,1.4,49.0,0.0,0
2024-01-05,-5.3,-3.7,-6.8,0.0,50.0,4.2,1
2024-01-06,-4.7,-3.7,-5.6,4.2,36.0,2.6,1
2024-01-07,-2.9,0.8,-6.5,2.6,47.0,0.0,0
2024-01-08,-2.8,-2.2,-3.3,0.0,34.0,5.0,1
2024-01-09,-2.9,-0.5,-5.2,5.0,44.0,1.0,1
2024-01-10,-6.1,-3.3,-8.9,1.0,48.0,0.0,0
2024-01-11,-6.8,-4.2,-9.3,0.0,48.0,1.0,1
2024-01-12,-6.8,-4.9,-8.7,1.0,69.0,6.0,1
2024-01-13,-10.9,-7.9,-13.8,6.0,62.0,5.9,1
2024-01-14,-9.8,-5.8,-13.8,5.9,60.0,0.0,0
2024-01-15,-12.0,-9.3,-14.6,0.0,43.0,0.0,0
2024-01-16,-15.2,-12.2,-18.1,0.0,41.0,0.0,0
2024-01-17,-12.6,-8.5,-16.7,0.0,44.0,0.2,1
2024-01-18,-13.0,-9.5,-16.4,0.2,35.0,0.2,1
2024-01-19,-17.5,-12.6,-22.4,0.2,40.0,0.6,1
2024-01-20,-9.7,-4.4,-15.0,0.6,45.0,1.2,1
2024-01-21,-8.4,-2.3,-14.5,1.2,48.0,0.0,0
2024-01-22,-2.2,-1.6,-2.7,0.0,35.0,0.0,0
2024-01-23,-3.2,-1.9,-4.5,0.0,31.0,0.0,0
2024-01-24,-3.1,-1.4,-4.7,0.0,31.0,0.0,0
2024-01-25,0.1,1.6,-1.4,0.0,31.0,0.0,0
2024-01-26,1.1,1.9,0.2,0.0,31.0,0.2,1
2024-01-27,1.9,3.5,0.2,0.2,31.0,0.6,1
2024-01-28,0.2,1.8,-1.5,0.6,33.0,3.2,1
2024-01-29,0.6,2.2,-1.0,3.2,33.0,2.8,1
2024-01-30,0.7,1.4,0.0,2.8,33.0,0.0,0
2024-01-31,0.2,2.3,-1.9,0.0,37.0,0.0,0
2024-02-01,-1.1,4.7,-6.8,0.0,33.0,0.0,0
2024-02-02,-4.3,1.8,-10.3,0.0,33.0,0.0,0
2024-02-03,-4.5,0.3,-9.2,0.0,33.0,0.0,0
2024-02-04,-2.2,0.4,-4.8,0.0,32.0,0.0,0
2024-02-05,-0.1,3.2,-3.3,0.0,32.0,0.0,0
2024-02-06,0.2,1.5,-1.1,0.0,32.0,0.0,0
2024-02-07,2.2,4.9,-0.6,0.0,32.0,2.3,1
2024-02-08,4.6,8.8,0.4,2.3,43.0,3.5,1
2024-02-09,3.6,6.8,0.4,3.5,40.0,2.4,1
2024-02-10,-0.7,0.6,-1.9,2.4,53.0,0.2,1
2024-02-11,-1.9,-0.8,-3.0,0.2,49.0,4.2,1
2024-02-12,-4.8,-1.5,-8.0,4.2,49.0,0.0,0
2024-02-13,-6.9,-1.8,-12.0,0.0,36.0,0.2,1
2024-02-14,-6.9,-2.5,-11.2,0.2,36.0,12.4,1
2024-02-15,-2.5,0.2,-5.1,12.4,68.0,2.9,1
2024-02-16,-8.5,-4.7,-12.3,2.9,60.0,3.2,1
2024-02-17,-12.7,-3.9,-21.5,3.2,49.0,7.6,1
2024-02-18,-6.5,-2.9,-10.1,7.6,67.0,0.0,0
2024-02-19,-9.0,-2.4,-15.5,0.0,67.0,0.0,0
2024-02-20,-8.5,-0.4,-16.5,0.0,67.0,0.0,0
2024-02-21,1.6,6.4,-3.2,0.0,67.0,0.0,0
2024-02-22,1.2,6.3,-4.0,0.0,41.0,0.0,0
2024-02-23,-7.2,3.0,-17.3,0.0,49.0,0.0,0
2024-02-24,-10.7,-1.0,-20.3,0.0,37.0,0.8,1
2024-02-25,0.6,2.9,-1.8,0.8,36.0,0.0,0
2024-02-26,-3.4,3.1,-9.9,0.0,47.0,0.0,0
2024-02-27,5.1,11.0,-0.8,0.0,51.0,9.4,1
2024-02-28,-5.8,1.9,-13.4,9.4,85.0,3.2,1
2024-02-29,-12.2,-6.8,-17.5,3.2,85.0,0.0,0
2024-03-01,0.2,8.3,-8.0,0.0,35.0,0.0,0
2024-03-02,2.1,9.7,-5.6,0.0,35.0,0.0,0
2024-03-03,2.7,5.0,0.4,0.0,49.0,15.2,1
2024-03-04,8.6,13.9,3.2,15.2,47.0,1.8,1
2024-03-05,1.3,5.1,-2.6,1.8,37.0,0.0,0
2024-03-06,0.9,7.7,-6.0,0.0,37.0,0.0,0
2024-03-07,2.7,8.0,-2.7,0.0,38.0,1.2,1
2024-03-08,3.5,7.5,-0.5,1.2,38.0,8.3,1
2024-03-09,-1.0,2.6,-4.5,8.3,46.0,1.2,1
2024-03-10,-2.2,1.8,-6.1,1.2,65.0,0.0,0
2024-03-11,3.0,11.2,-5.3,0.0,65.0,0.0,0
2024-03-12,2.9,11.9,-6.1,0.0,40.0,0.0,0
2024-03-13,3.7,11.4,-4.1,0.0,34.0,0.0,0
2024-03-14,0.6,4.9,-3.8,0.0,39.0,0.0,0
2024-03-15,0.1,5.9,-5.7,0.0,35.0,1.9,1
2024-03-16,3.7,7.5,-0.2,1.9,57.0,3.2,1
2024-03-17,-1.9,0.0,-3.8,3.2,55.0,0.4,1
2024-03-18,-4.0,-2.8,-5.2,0.4,52.0,2.9,1
2024-03-19,-2.6,0.5,-5.6,2.9,71.0,5.2,1
2024-03-20,-7.1,-4.1,-10.0,5.2,67.0,0.0,0
2024-03-21,-10.3,-5.4,-15.1,0.0,67.0,4.2,1
2024-03-22,-6.6,-0.8,-12.4,4.2,67.0,0.0,0
2024-03-23,-8.9,-3.8,-14.0,0.0,38.0,3.4,1
2024-03-24,-5.7,1.0,-12.4,3.4,41.0,3.3,1
2024-03-25,1.4,5.6,-2.9,3.3,54.0,20.6,1
2024-03-26,7.1,10.9,3.2,20.6,53.0,0.0,0
2024-03-27,0.4,3.7,-3.0,0.0,49.0,0.0,0
2024-03-28,-1.3,0.8,-3.3,0.0,40.0,0.0,0
2024-03-29,-2.5,1.9,-6.8,0.0,36.0,1.0,1
2024-03-30,-2.3,2.3,-6.8,1.0,36.0,0.0,0
2024-03-31,1.9,6.2,-2.4,0.0,36.0,0.0,0
2024-04-01,1.0,7.1,-5.1,0.0,36.0,0.0,0
2024-04-02,3.6,10.8,-3.7,0.0,36.0,0.0,0
2024-04-03,3.1,5.1,1.0,0.0,36.0,0.5,1
2024-04-04,2.4,6.7,-2.0,0.5,51.0,0.0,0
2024-04-05,2.4,7.3,-2.6,0.0,46.0,0.0,0
2024-04-06,2.1,8.5,-4.3,0.0,41.0,0.0,0
2024-04-07,4.0,13.8,-5.8,0.0,41.0,0.0,0
2024-04-08,7.4,13.4,1.3,0.0,46.0,2.6,1
2024-04-09,7.3,14.6,0.0,2.6,39.0,0.0,0
2024-04-10,8.5,18.0,-1.1,0.0,44.0,2.2,1
2024-04-11,8.9,14.9,2.8,2.2,37.0,15.7,1
2024-04-12,5.6,7.8,3.4,15.7,78.0,1.9,1
2024-04-13,5.9,9.7,2.1,1.9,64.0,0.4,1
2024-04-14,5.3,11.4,-0.8,0.4,43.0,0.0,0
2024-04-15,4.9,11.6,-1.9,0.0,46.0,0.0,0
2024-04-16,5.9,15.7,-4.0,0.0,46.0,27.1,1
2024-04-17,6.1,8.3,3.8,27.1,62.0,1.7,1
2024-04-18,6.9,9.8,3.9,1.7,34.0,1.6,1
2024-04-19,4.9,7.1,2.6,1.6,44.0,1.6,1
2024-04-20,2.2,4.2,0.2,1.6,64.0,0.0,0
2024-04-21,2.3,7.5,-3.0,0.0,59.0,0.0,0
2024-04-22,5.3,16.0,-5.4,0.0,54.0,8.6,1
2024-04-23,7.8,16.1,-0.6,8.6,50.0,0.0,0
2024-04-24,-1.0,4.3,-6.2,0.0,39.0,0.0,0
2024-04-25,1.7,10.8,-7.5,0.0,39.0,0.0,0
2024-04-26,6.0,13.3,-1.3,0.0,55.0,3.0,1
2024-04-27,13.2,21.0,5.3,3.0,60.0,7.9,1
2024-04-28,7.9,12.2,3.5,7.9,45.0,33.3,1
2024-04-29,4.2,5.7,2.7,33.3,49.0,0.2,1
2024-04-30,6.8,9.2,4.3,0.2,49.0,6.4,1
2024-05-01,6.5,11.7,1.2,6.4,51.0,0.6,1
2024-05-02,9.7,15.5,3.8,0.6,40.0,7.8,1
2024-05-03,11.6,17.7,5.4,7.8,35.0,4.0,1
2024-05-04,13.0,20.9,5.0,4.0,41.0,1.2,1
2024-05-05,7.5,13.6,1.3,1.2,41.0,0.0,0
2024-05-06,9.7,20.1,-0.8,0.0,41.0,13.0,1
2024-05-07,11.3,20.0,2.6,13.0,52.0,4.1,1
2024-05-08,11.4,16.4,6.3,4.1,36.0,0.0,0
2024-05-09,10.7,16.1,5.2,0.0,36.0,0.0,0
2024-05-10,11.9,18.1,5.7,0.0,36.0,0.0,0
2024-05-11,8.7,14.5,2.9,0.0,47.0,3.5,1
2024-05-12,6.9,13.4,0.4,3.5,36.0,0.0,0
2024-05-13,7.9,13.3,2.4,0.0,46.0,0.0,0
2024-05-14,6.5,12.2,0.7,0.0,40.0,0.0,0
2024-05-15,8.0,16.2,-0.3,0.0,32.0,5.0,1
2024-05-16,10.8,20.8,0.7,5.0,33.0,3.8,1
2024-05-17,14.5,20.7,8.2,3.8,31.0,0.4,1
2024-05-18,16.5,24.1,8.8,0.4,36.0,2.6,1
2024-05-19,15.1,21.3,8.8,2.6,39.0,0.0,0
2024-05-20,13.7,18.5,8.8,0.0,39.0,0.0,0
2024-05-21,16.3,25.9,6.7,0.0,40.0,7.6,1
2024-05-22,13.1,18.7,7.4,7.6,44.0,0.0,0
2024-05-23,10.3,14.3,6.2,0.0,51.0,1.2,1
2024-05-24,11.1,21.0,1.2,1.2,33.0,4.4,1
2024-05-25,12.2,17.1,7.3,4.4,37.0,0.0,0
2024-05-26,16.0,22.9,9.1,0.0,36.0,0.0,0
2024-05-27,13.3,18.3,8.2,0.0,45.0,0.0,0
2024-05-28,12.1,18.4,5.7,0.0,44.0,0.0,0
2024-05-29,8.4,14.0,2.8,0.0,51.0,0.0,0
2024-05-30,10.2,20.7,-0.3,0.0,51.0,0.0,0
2024-05-31,11.3,23.5,-1.0,0.0,33.0,0.0,0
2024-06-01,15.7,24.6,6.8,0.0,32.0,0.0,0
2024-06-02,15.4,24.1,6.6,0.0,32.0,0.0,0
2024-06-03,14.5,23.6,5.3,0.0,48.0,0.2,1
2024-06-04,19.8,25.1,14.4,0.2,48.0,5.8,1
2024-06-05,17.8,23.3,12.3,5.8,48.0,3.1,1
2024-06-06,15.9,20.7,11.1,3.1,44.0,21.0,1
2024-06-07,9.8,11.8,7.7,21.0,40.0,0.5,1
2024-06-08,11.6,18.9,4.2,0.5,33.0,1.5,1
2024-06-09,10.2,12.4,7.9,1.5,47.0,0.0,0
2024-06-10,10.2,13.7,6.6,0.0,57.0,0.2,1
2024-06-11,11.8,22.4,1.2,0.2,57.0,2.5,1
2024-06-12,18.6,26.6,10.6,2.5,33.0,11.6,1
2024-06-13,15.4,24.6,6.2,11.6,54.0,0.0,0
2024-06-14,11.0,17.5,4.5,0.0,36.0,0.0,0
2024-06-15,11.3,20.2,2.4,0.0,36.0,6.7,1
2024-06-16,15.2,19.4,10.9,6.7,33.0,0.0,0
2024-06-17,20.0,26.5,13.4,0.0,83.0,0.0,0
2024-06-18,22.4,31.2,13.5,0.0,40.0,0.0,0
2024-06-19,20.2,26.6,13.7,0.0,53.0,0.2,1
2024-06-20,17.2,22.4,12.0,0.2,35.0,0.6,1
2024-06-21,16.7,21.1,12.3,0.6,36.0,32.7,1
2024-06-22,14.4,17.9,10.8,32.7,36.0,31.2,1
2024-06-23,16.9,21.1,12.7,31.2,45.0,0.0,0
2024-06-24,18.8,25.7,11.8,0.0,34.0,6.9,1
2024-06-25,20.0,26.3,13.7,6.9,39.0,0.0,0
2024-06-26,14.0,18.1,9.9,0.0,46.0,0.0,0
2024-06-27,13.9,19.8,8.0,0.0,40.0,4.8,1
2024-06-28,11.6,17.4,5.8,4.8,33.0,37.4,1
2024-06-29,17.4,25.1,9.6,37.4,60.0,0.0,0
2024-06-30,12.0,14.4,9.6,0.0,50.0,0.0,0
2024-07-01,17.9,24.5,11.2,0.0,33.0,2.2,1
2024-07-02,16.1,21.0,11.2,2.2,37.0,12.0,1
2024-07-03,19.7,24.5,14.9,12.0,37.0,0.0,0
2024-07-04,18.1,24.0,12.2,0.0,37.0,4.9,1
2024-07-05,16.3,19.8,12.8,4.9,37.0,0.0,0
2024-07-06,17.3,22.2,12.3,0.0,33.0,0.0,0
2024-07-07,17.7,26.6,8.8,0.0,33.0,0.0,0
2024-07-08,21.4,26.9,15.8,0.0,33.0,0.0,0
2024-07-09,20.2,25.1,15.2,0.0,33.0,4.2,1
2024-07-10,20.1,25.8,14.3,4.2,34.0,0.0,0
2024-07-11,17.8,24.7,10.8,0.0,34.0,0.0,0
2024-07-12,19.4,28.3,10.4,0.0,34.0,0.0,0
2024-07-13,21.8,30.3,13.3,0.0,32.0,0.0,0
2024-07-14,21.5,27.3,15.7,0.0,32.0,2.1,1
2024-07-15,22.1,27.5,16.6,2.1,33.0,0.2,1
2024-07-16,19.2,23.5,14.9,0.2,40.0,0.0,0
2024-07-17,15.2,20.7,9.7,0.0,48.0,0.0,0
2024-07-18,15.0,21.6,8.4,0.0,37.0,0.0,0
2024-07-19,16.8,26.6,6.9,0.0,37.0,0.0,0
2024-07-20,18.8,25.1,12.4,0.0,37.0,0.0,0
2024-07-21,15.9,23.2,8.5,0.0,35.0,0.0,0
2024-07-22,16.1,26.2,5.9,0.0,35.0,6.8,1
2024-07-23,16.8,18.4,15.2,6.8,31.0,11.9,1
2024-07-24,18.7,22.3,15.0,11.9,39.0,0.0,0
2024-07-25,16.0,22.7,9.2,0.0,39.0,0.0,0
2024-07-26,16.6,26.3,6.9,0.0,39.0,0.0,0
2024-07-27,17.7,26.5,8.9,0.0,34.0,0.0,0
2024-07-28,21.2,28.0,14.3,0.0,35.0,3.4,1
2024-07-29,24.6,29.9,19.2,3.4,40.0,0.0,0
2024-07-30,23.1,26.8,19.3,0.0,40.0,0.0,0
2024-07-31,21.3,28.5,14.0,0.0,32.0,0.0,0
2024-08-01,21.3,30.2,12.3,0.0,32.0,0.0,0
2024-08-02,21.7,29.2,14.1,0.0,36.0,0.0,0
2024-08-03,22.7,28.2,17.1,0.0,31.0,0.2,1
2024-08-04,21.9,27.1,16.6,0.2,33.0,0.0,0
2024-08-05,17.3,24.4,10.2,0.0,45.0,0.0,0
2024-08-06,17.4,24.6,10.1,0.0,40.0,0.0,0
2024-08-07,17.9,27.1,8.6,0.0,40.0,13.8,1
2024-08-08,18.9,25.2,12.5,13.8,47.0,1.7,1
2024-08-09,17.2,20.6,13.8,1.7,42.0,5.7,1
2024-08-10,15.2,17.9,12.5,5.7,53.0,3.7,1
2024-08-11,15.5,18.7,12.2,3.7,47.0,0.0,0
2024-08-12,17.9,24.7,11.1,0.0,47.0,0.0,0
2024-08-13,18.1,26.6,9.5,0.0,47.0,0.0,0
2024-08-14,19.6,29.1,10.1,0.0,47.0,0.0,0
2024-08-15,20.3,29.1,11.4,0.0,31.0,12.7,1
2024-08-16,19.2,20.6,17.8,12.7,36.0,0.0,0
2024-08-17,21.7,24.5,18.9,0.0,36.0,0.0,0
2024-08-18,17.3,23.9,10.6,0.0,39.0,0.0,0
2024-08-19,12.8,19.4,6.2,0.0,44.0,0.0,0
2024-08-20,11.8,19.7,3.9,0.0,45.0,0.0,0
2024-08-21,14.3,23.0,5.5,0.0,32.0,0.0,0
2024-08-22,14.9,24.6,5.1,0.0,32.0,0.0,0
2024-08-23,17.9,25.8,10.0,0.0,35.0,0.0,0
2024-08-24,20.9,27.8,13.9,0.0,35.0,0.0,0
2024-08-25,20.8,29.3,12.3,0.0,35.0,0.0,0
2024-08-26,24.9,32.0,17.8,0.0,35.0,34.1,1
2024-08-27,21.7,28.3,15.1,34.1,47.0,18.7,1
2024-08-28,16.1,19.3,12.9,18.7,35.0,0.0,0
2024-08-29,18.0,22.4,13.6,0.0,31.0,0.4,1
2024-08-30,16.9,24.1,9.6,0.4,43.0,0.9,1
2024-08-31,17.1,25.8,8.3,0.9,44.0,0.0,0
2024-09-01,13.7,19.4,7.9,0.0,66.0,0.0,0
2024-09-02,11.7,21.0,2.3,0.0,66.0,0.0,0
2024-09-03,15.1,24.9,5.2,0.0,36.0,0.0,0
2024-09-04,17.3,24.9,9.6,0.0,35.0,15.3,1
2024-09-05,16.3,23.9,8.7,15.3,46.0,0.0,0
2024-09-06,11.4,14.3,8.5,0.0,36.0,0.0,0
2024-09-07,9.0,13.3,4.6,0.0,55.0,0.0,0
2024-09-08,15.8,20.1,11.5,0.0,43.0,0.0,0
2024-09-09,13.0,20.6,5.4,0.0,32.0,0.0,0
2024-09-10,14.8,24.9,4.7,0.0,32.0,0.0,0
2024-09-11,18.0,24.1,11.8,0.0,32.0,0.0,0
2024-09-12,20.0,28.2,11.7,0.0,32.0,0.0,0
2024-09-13,18.8,27.6,9.9,0.0,33.0,0.0,0
2024-09-14,18.6,26.4,10.8,0.0,33.0,0.0,0
2024-09-15,21.3,27.5,15.0,0.0,33.0,0.0,0
2024-09-16,20.7,29.4,12.0,0.0,33.0,0.0,0
2024-09-17,19.4,28.4,10.4,0.0,33.0,0.0,0
2024-09-18,18.8,26.8,10.8,0.0,33.0,0.0,0
2024-09-19,19.8,27.7,11.9,0.0,33.0,0.9,1
2024-09-20,19.2,24.0,14.3,0.9,39.0,0.0,0
2024-09-21,18.9,25.6,12.1,0.0,39.0,18.5,1
2024-09-22,15.4,19.4,11.3,18.5,46.0,0.0,0
2024-09-23,11.2,16.9,5.5,0.0,46.0,1.0,1
2024-09-24,12.2,16.6,7.7,1.0,46.0,7.5,1
2024-09-25,16.0,19.3,12.6,7.5,42.0,0.0,0
2024-09-26,15.6,24.7,6.4,0.0,42.0,0.0,0
2024-09-27,16.8,26.0,7.6,0.0,42.0,0.0,0
2024-09-28,16.2,24.1,8.2,0.0,42.0,0.0,0
2024-09-29,16.0,23.8,8.1,0.0,33.0,0.0,0
2024-09-30,15.3,23.4,7.1,0.0,33.0,2.9,1
2024-10-01,10.8,16.9,4.6,2.9,53.0,0.0,0
2024-10-02,9.7,17.6,1.7,0.0,39.0,0.0,0
2024-10-03,16.0,19.1,12.9,0.0,37.0,0.0,0
2024-10-04,9.5,17.1,1.9,0.0,42.0,4.1,1
2024-10-05,10.6,20.0,1.2,4.1,42.0,1.6,1
2024-10-06,12.5,16.2,8.8,1.6,64.0,0.2,1
2024-10-07,11.4,13.6,9.2,0.2,60.0,0.0,0
2024-10-08,8.2,12.8,3.5,0.0,49.0,0.0,0
2024-10-09,6.2,12.2,0.2,0.0,43.0,0.0,0
2024-10-10,6.9,16.2,-2.4,0.0,43.0,0.0,0
2024-10-11,13.2,22.6,3.8,0.0,63.0,0.0,0
2024-10-12,5.5,12.3,-1.4,0.0,63.0,0.0,0
2024-10-13,8.4,14.5,2.2,0.0,37.0,0.0,0
2024-10-14,4.2,9.8,-1.5,0.0,42.0,0.0,0
2024-10-15,3.4,10.1,-3.4,0.0,49.0,0.0,0
2024-10-16,3.4,11.2,-4.4,0.0,38.0,0.0,0
2024-10-17,6.3,16.8,-4.2,0.0,32.0,0.0,0
2024-10-18,10.0,19.5,0.4,0.0,33.0,0.4,1
2024-10-19,10.6,20.1,1.1,0.4,37.0,0.0,0
2024-10-20,14.1,21.8,6.3,0.0,37.0,0.0,0
2024-10-21,13.2,22.4,4.0,0.0,37.0,0.0,0
2024-10-22,15.7,22.3,9.1,0.0,40.0,1.3,1
2024-10-23,10.6,16.4,4.7,1.3,65.0,0.0,0
2024-10-24,7.0,15.3,-1.4,0.0,35.0,4.1,1
2024-10-25,9.1,12.1,6.1,4.1,60.0,4.1,1
2024-10-26,7.2,9.5,4.9,4.1,64.0,0.0,0
2024-10-27,6.6,10.8,2.3,0.0,40.0,0.0,0
2024-10-28,7.7,13.4,2.0,0.0,37.0,0.6,1
2024-10-29,12.7,16.1,9.2,0.6,34.0,12.0,1
2024-10-30,15.8,20.9,10.7,12.0,55.0,21.5,1
2024-10-31,7.9,10.8,5.0,21.5,42.0,1.1,1
2024-11-01,2.5,8.6,-3.6,1.1,48.0,0.0,0
2024-11-02,1.1,8.1,-6.0,0.0,33.0,16.8,1
2024-11-03,6.3,9.7,2.8,16.8,45.0,18.9,1
2024-11-04,11.6,15.6,7.6,18.9,40.0,30.2,1
2024-11-05,12.8,15.4,10.2,30.2,35.0,0.0,0
2024-11-06,7.1,11.0,3.2,0.0,39.0,0.0,0
2024-11-07,8.0,10.8,5.1,0.0,45.0,0.0,0
2024-11-08,3.1,10.8,-4.6,0.0,60.0,0.0,0
2024-11-09,2.1,10.2,-6.1,0.0,60.0,5.1,1
2024-11-10,6.1,9.4,2.8,5.1,34.0,2.4,1
2024-11-11,2.8,8.8,-3.2,2.4,73.0,0.0,0
2024-11-12,0.6,7.2,-6.0,0.0,73.0,0.0,0
2024-11-13,3.8,9.4,-1.9,0.0,47.0,2.4,1
2024-11-14,6.4,7.9,4.8,2.4,35.0,0.0,0
2024-11-15,2.9,8.3,-2.6,0.0,35.0,0.0,0
2024-11-16,5.9,10.7,1.0,0.0,35.0,0.0,0
2024-11-17,8.4,11.0,5.7,0.0,39.0,0.0,0
2024-11-18,4.9,10.2,-0.5,0.0,36.0,5.6,1
2024-11-19,6.5,7.8,5.1,5.6,60.0,16.8,1
2024-11-20,7.5,8.9,6.0,16.8,33.0,6.7,1
2024-11-21,4.2,7.4,1.0,6.7,32.0,0.0,0
2024-11-22,5.9,7.3,4.4,0.0,45.0,1.7,1
2024-11-23,3.1,5.1,1.0,1.7,53.0,0.0,0
2024-11-24,-1.4,2.8,-5.5,0.0,36.0,14.6,1
2024-11-25,-1.5,0.1,-3.1,14.6,33.0,5.2,1
2024-11-26,0.2,2.5,-2.2,5.2,52.0,2.0,1
2024-11-27,-0.8,1.0,-2.6,2.0,48.0,12.3,1
2024-11-28,-1.3,0.4,-2.9,12.3,51.0,24.2,1
2024-11-29,-1.3,0.4,-2.9,24.2,66.0,9.2,1
2024-11-30,-2.7,0.0,-5.3,9.2,52.0,1.4,1
2024-12-01,-6.6,-1.3,-11.8,1.4,52.0,0.0,0
2024-12-02,-7.2,-0.6,-13.8,0.0,52.0,5.2,1
2024-12-03,-5.5,-1.7,-9.2,5.2,38.0,12.6,1
2024-12-04,-2.4,-0.2,-4.5,12.6,62.0,4.1,1
2024-12-05,-6.4,-2.9,-9.9,4.1,62.0,1.4,1
2024-12-06,-4.6,-1.9,-7.2,1.4,54.0,18.6,1
2024-12-07,-1.3,3.5,-6.1,18.6,58.0,1.6,1
2024-12-08,-0.3,3.2,-3.7,1.6,63.0,5.3,1
2024-12-09,-1.3,2.0,-4.5,5.3,55.0,0.0,0
2024-12-10,0.3,2.8,-2.2,0.0,40.0,8.1,1
2024-12-11,-4.6,-2.2,-6.9,8.1,40.0,6.0,1
2024-12-12,-9.5,-6.6,-12.3,6.0,75.0,1.5,1
2024-12-13,-9.7,-3.6,-15.8,1.5,50.0,0.0,0
2024-12-14,-8.6,0.2,-17.4,0.0,38.0,0.0,0
2024-12-15,1.4,2.6,0.2,0.0,40.0,0.0,0
2024-12-16,3.3,4.3,2.3,0.0,35.0,4.4,1
2024-12-17,0.8,2.4,-0.8,4.4,54.0,2.4,1
2024-12-18,-5.3,-0.2,-10.4,2.4,62.0,0.2,1
2024-12-19,-10.1,-7.8,-12.4,0.2,62.0,3.0,1
2024-12-20,-8.9,-4.6,-13.2,3.0,39.0,0.0,0
2024-12-21,-17.5,-12.5,-22.4,0.0,39.0,0.2,1
2024-12-22,-12.9,-3.5,-22.3,0.2,39.0,13.6,1
2024-12-23,-1.5,0.6,-3.5,13.6,39.0,0.0,0
2024-12-24,-4.2,-1.7,-6.7,0.0,39.0,0.0,0
2024-12-25,-2.1,0.6,-4.7,0.0,39.0,0.0,0
2024-12-26,-0.5,1.6,-2.6,0.0,39.0,4.3,1
2024-12-27,2.1,2.8,1.4,4.3,43.0,3.1,1
2024-12-28,3.8,5.9,1.7,3.1,41.0,2.1,1
2024-12-29,2.2,3.5,0.9,2.1,41.0,1.8,1
2024-12-30,2.3,3.1,1.4,1.8,54.0,0.6,1
